Sensor1,Sensor2,Sensor3,Sensor4,,Actual,Predicted
1.415,0.462,1.866,1.154,,Slight-Right-Turn,Slight-Right-Turn
1.413,0.462,1.864,1.163,,Slight-Right-Turn,Slight-Right-Turn
1.603,0.463,1.861,1.172,,Slight-Right-Turn,Slight-Right-Turn
1.593,0.464,1.859,1.185,,Slight-Right-Turn,Slight-Right-Turn
1.38,0.465,1.853,1.195,,Slight-Right-Turn,Slight-Right-Turn
1.371,0.466,1.851,1.205,,Slight-Right-Turn,Slight-Right-Turn
1.363,0.467,1.846,1.215,,Slight-Right-Turn,Slight-Right-Turn
1.355,0.469,1.846,0.567,,Slight-Right-Turn,Slight-Right-Turn
1.347,0.471,1.84,1.233,,Slight-Right-Turn,Slight-Right-Turn
1.34,0.472,1.837,1.242,,Slight-Right-Turn,Slight-Right-Turn
1.332,0.474,1.834,1.251,,Slight-Right-Turn,Slight-Right-Turn
1.515,0.476,1.831,1.26,,Slight-Right-Turn,Slight-Right-Turn
1.505,0.478,1.828,1.27,,Slight-Right-Turn,Slight-Right-Turn
1.494,0.479,1.825,1.277,,Slight-Right-Turn,Slight-Right-Turn
1.484,0.481,1.822,1.286,,Slight-Right-Turn,Slight-Right-Turn
1.473,0.482,1.819,1.296,,Slight-Right-Turn,Slight-Right-Turn
1.464,0.484,1.816,1.308,,Slight-Right-Turn,Slight-Right-Turn
1.454,0.486,1.813,1.314,,Slight-Right-Turn,Slight-Right-Turn
1.444,0.488,1.807,1.327,,Slight-Right-Turn,Slight-Right-Turn
1.434,0.49,1.804,0.817,,Slight-Right-Turn,Slight-Right-Turn
1.424,0.492,1.8,0.825,,Slight-Right-Turn,Slight-Right-Turn
1.415,0.494,1.798,0.83,,Slight-Right-Turn,Slight-Right-Turn
1.406,0.497,1.795,0.838,,Move-Forward,Slight-Right-Turn
1.397,0.499,1.792,0.846,,Move-Forward,Slight-Right-Turn
1.387,0.502,1.789,0.855,,Move-Forward,Slight-Right-Turn
1.377,0.505,1.785,0.861,,Move-Forward,Slight-Right-Turn
1.366,0.508,1.781,0.572,,Move-Forward,Move-Forward
1.354,0.512,1.776,0.578,,Move-Forward,Move-Forward
1.34,0.517,1.77,0.579,,Move-Forward,Slight-Right-Turn
1.326,0.523,1.764,0.584,,Move-Forward,Move-Forward
1.311,0.528,1.758,0.934,,Move-Forward,Move-Forward
1.298,0.534,1.751,0.595,,Move-Forward,Move-Forward
1.279,0.541,1.743,0.604,,Move-Forward,Move-Forward
1.262,0.549,1.735,1.526,,Move-Forward,Move-Forward
1.245,0.556,1.727,0.625,,Move-Forward,Move-Forward
1.227,0.565,1.719,0.626,,Move-Forward,Move-Forward
1.209,0.571,1.711,1.579,,Move-Forward,Move-Forward
1.192,0.579,1.703,0.64,,Move-Forward,Move-Forward
1.174,0.587,1.695,1.621,,Move-Forward,Move-Forward
1.156,0.595,1.686,1.641,,Move-Forward,Move-Forward
1.141,0.603,1.677,1.658,,Move-Forward,Move-Forward
1.122,0.611,1.668,1.675,,Move-Forward,Move-Forward
1.103,0.619,1.658,0.68,,Move-Forward,Move-Forward
1.084,0.627,1.649,1.72,,Move-Forward,Move-Forward
1.065,0.636,1.64,0.697,,Move-Forward,Move-Forward
1.043,0.645,1.63,0.706,,Move-Forward,Move-Forward
1.024,0.651,1.622,0.707,,Move-Forward,Move-Forward
1.006,0.662,1.613,0.719,,Move-Forward,Move-Forward
0.988,0.67,1.604,0.724,,Move-Forward,Move-Forward
0.97,0.678,1.595,0.782,,Move-Forward,Move-Forward
0.952,0.687,1.586,1.869,,Move-Forward,Move-Forward
0.933,0.696,1.576,1.358,,Move-Forward,Sharp-Right-Turn
0.915,0.705,1.567,1.907,,Move-Forward,Move-Forward
0.897,0.714,1.555,1.927,,Sharp-Right-Turn,Move-Forward
0.878,0.722,1.552,1.41,,Sharp-Right-Turn,Sharp-Right-Turn
0.86,0.73,1.537,1.416,,Sharp-Right-Turn,Sharp-Right-Turn
0.843,0.738,1.525,0.809,,Sharp-Right-Turn,Sharp-Right-Turn
0.825,0.746,1.513,0.804,,Sharp-Right-Turn,Sharp-Right-Turn
0.809,0.753,1.504,0.814,,Sharp-Right-Turn,Sharp-Right-Turn
0.794,0.759,1.494,0.82,,Sharp-Right-Turn,Sharp-Right-Turn
0.785,0.762,1.495,1.492,,Sharp-Right-Turn,Sharp-Right-Turn
0.784,0.76,1.498,0.847,,Sharp-Right-Turn,Sharp-Right-Turn
0.787,0.759,1.503,0.843,,Sharp-Right-Turn,Sharp-Right-Turn
0.788,0.758,1.505,0.846,,Sharp-Right-Turn,Sharp-Right-Turn
0.789,0.758,1.505,0.845,,Sharp-Right-Turn,Sharp-Right-Turn
0.788,0.758,1.502,0.841,,Sharp-Right-Turn,Sharp-Right-Turn
0.788,0.758,1.502,0.841,,Sharp-Right-Turn,Sharp-Right-Turn
0.791,0.758,1.502,0.843,,Sharp-Right-Turn,Sharp-Right-Turn
0.791,0.757,1.502,0.841,,Sharp-Right-Turn,Sharp-Right-Turn
0.789,0.757,1.503,0.842,,Sharp-Right-Turn,Sharp-Right-Turn
0.785,0.759,1.504,0.825,,Sharp-Right-Turn,Sharp-Right-Turn
0.784,0.758,1.501,0.792,,Sharp-Right-Turn,Sharp-Right-Turn
0.783,0.766,1.502,0.79,,Sharp-Right-Turn,Sharp-Right-Turn
0.783,0.76,1.502,0.789,,Sharp-Right-Turn,Sharp-Right-Turn
0.782,0.759,1.506,0.788,,Sharp-Right-Turn,Sharp-Right-Turn
0.782,0.759,1.504,0.787,,Sharp-Right-Turn,Sharp-Right-Turn
0.781,0.755,1.504,0.785,,Sharp-Right-Turn,Sharp-Right-Turn
0.78,0.755,1.505,0.78,,Sharp-Right-Turn,Sharp-Right-Turn
0.779,0.754,1.506,0.778,,Sharp-Right-Turn,Sharp-Right-Turn
0.777,0.754,1.507,0.776,,Sharp-Right-Turn,Sharp-Right-Turn
0.776,0.754,1.512,0.777,,Sharp-Right-Turn,Sharp-Right-Turn
0.775,0.757,1.514,5,,Sharp-Right-Turn,Sharp-Right-Turn
0.774,0.757,1.515,0.773,,Sharp-Right-Turn,Sharp-Right-Turn
0.774,0.76,1.517,0.766,,Sharp-Right-Turn,Sharp-Right-Turn
0.773,0.764,1.521,0.76,,Sharp-Right-Turn,Sharp-Right-Turn
0.776,0.794,1.524,0.754,,Sharp-Right-Turn,Sharp-Right-Turn
0.778,0.803,1.535,0.751,,Sharp-Right-Turn,Sharp-Right-Turn
0.783,0.763,1.546,0.745,,Sharp-Right-Turn,Sharp-Right-Turn
0.826,0.795,1.539,0.743,,Sharp-Right-Turn,Sharp-Right-Turn
0.776,0.792,1.535,0.74,,Sharp-Right-Turn,Sharp-Right-Turn
0.775,0.769,1.557,0.738,,Sharp-Right-Turn,Sharp-Right-Turn
0.775,0.789,1.561,0.739,,Sharp-Right-Turn,Sharp-Right-Turn
0.778,0.805,1.558,0.735,,Sharp-Right-Turn,Sharp-Right-Turn
0.778,0.775,1.578,0.73,,Sharp-Right-Turn,Sharp-Right-Turn
0.784,0.768,1.605,0.728,,Sharp-Right-Turn,Sharp-Right-Turn
0.805,0.765,2.912,0.726,,Sharp-Right-Turn,Sharp-Right-Turn
1.529,0.762,1.593,0.724,,Move-Forward,Move-Forward
1.531,0.758,1.591,0.723,,Move-Forward,Move-Forward
0.791,0.756,1.597,0.722,,Sharp-Right-Turn,Sharp-Right-Turn
1.532,0.753,1.588,0.722,,Move-Forward,Move-Forward
1.53,0.752,1.599,0.723,,Move-Forward,Move-Forward
1.529,0.751,1.592,0.724,,Move-Forward,Move-Forward
1.528,0.751,1.578,0.725,,Move-Forward,Move-Forward
1.528,0.751,1.584,0.726,,Move-Forward,Move-Forward
1.527,0.75,1.595,0.727,,Move-Forward,Move-Forward
1.527,0.75,1.594,0.727,,Move-Forward,Move-Forward
1.525,0.75,1.578,0.729,,Move-Forward,Move-Forward
1.521,0.748,1.577,0.733,,Move-Forward,Move-Forward
1.514,0.745,1.581,0.74,,Move-Forward,Move-Forward
1.504,0.742,1.575,0.749,,Move-Forward,Move-Forward
1.493,0.738,1.567,0.76,,Move-Forward,Move-Forward
1.48,0.732,1.557,0.774,,Move-Forward,Move-Forward
1.465,0.726,1.547,0.788,,Move-Forward,Move-Forward
1.45,0.72,1.555,0.803,,Move-Forward,Move-Forward
1.433,0.714,2.959,0.82,,Move-Forward,Move-Forward
1.416,0.706,1.522,0.837,,Move-Forward,Move-Forward
1.397,0.7,2.97,0.855,,Move-Forward,Move-Forward
1.379,0.693,1.444,0.873,,Move-Forward,Move-Forward
1.361,0.686,2.987,0.892,,Move-Forward,Move-Forward
1.342,0.679,1.381,0.91,,Move-Forward,Move-Forward
1.323,0.673,1.384,0.929,,Move-Forward,Move-Forward
1.304,0.666,1.343,0.947,,Move-Forward,Move-Forward
1.285,0.658,1.321,0.966,,Move-Forward,Move-Forward
1.267,0.652,1.302,0.985,,Move-Forward,Move-Forward
1.248,0.645,1.283,1.004,,Move-Forward,Move-Forward
1.229,0.638,1.27,1.023,,Move-Forward,Move-Forward
1.209,0.631,1.25,1.042,,Move-Forward,Move-Forward
1.19,0.624,1.227,1.061,,Move-Forward,Move-Forward
1.17,0.617,1.208,1.08,,Move-Forward,Move-Forward
1.151,0.609,1.188,1.099,,Move-Forward,Move-Forward
1.132,0.602,3.093,1.118,,Move-Forward,Move-Forward
1.114,0.595,3.109,1.136,,Move-Forward,Move-Forward
1.096,0.587,1.157,1.155,,Move-Forward,Move-Forward
1.078,0.58,1.139,1.172,,Move-Forward,Move-Forward
1.06,0.573,1.096,1.19,,Move-Forward,Move-Forward
1.042,0.566,1.281,1.208,,Move-Forward,Move-Forward
1.024,0.559,1.084,1.226,,Move-Forward,Move-Forward
1.006,0.551,1.063,1.245,,Move-Forward,Move-Forward
0.987,0.544,1.048,1.263,,Move-Forward,Move-Forward
0.969,0.536,1.026,1.281,,Move-Forward,Move-Forward
0.715,0.529,1.011,1.299,,Sharp-Right-Turn,Sharp-Right-Turn
0.677,0.522,0.99,1.318,,Sharp-Right-Turn,Sharp-Right-Turn
0.651,0.514,0.971,1.336,,Sharp-Right-Turn,Sharp-Right-Turn
0.628,0.506,0.953,1.355,,Sharp-Right-Turn,Sharp-Right-Turn
0.606,0.498,0.934,1.373,,Sharp-Right-Turn,Sharp-Right-Turn
0.591,0.49,0.918,1.39,,Sharp-Right-Turn,Sharp-Right-Turn
0.585,0.484,0.882,1.406,,Sharp-Right-Turn,Sharp-Right-Turn
0.573,0.478,0.874,1.415,,Sharp-Right-Turn,Sharp-Right-Turn
0.835,0.479,0.871,1.415,,Sharp-Right-Turn,Sharp-Right-Turn
0.837,0.483,0.881,1.413,,Sharp-Right-Turn,Sharp-Right-Turn
0.839,0.482,0.883,1.413,,Sharp-Right-Turn,Sharp-Right-Turn
0.839,0.481,0.904,1.412,,Sharp-Right-Turn,Sharp-Right-Turn
0.839,0.479,0.904,1.412,,Sharp-Right-Turn,Sharp-Right-Turn
0.837,0.476,0.909,1.412,,Sharp-Right-Turn,Sharp-Right-Turn
0.831,0.475,0.909,1.412,,Sharp-Right-Turn,Sharp-Right-Turn
0.834,0.47,3.245,1.412,,Sharp-Right-Turn,Sharp-Right-Turn
0.834,0.47,3.245,1.412,,Sharp-Right-Turn,Sharp-Right-Turn
0.831,0.469,3.246,1.412,,Sharp-Right-Turn,Sharp-Right-Turn
0.831,0.468,2.647,1.412,,Sharp-Right-Turn,Sharp-Right-Turn
0.527,0.466,2.648,1.412,,Sharp-Right-Turn,Sharp-Right-Turn
0.832,0.464,2.648,1.414,,Sharp-Right-Turn,Sharp-Right-Turn
0.836,0.462,2.651,1.409,,Sharp-Right-Turn,Sharp-Right-Turn
0.839,0.46,2.648,1.408,,Sharp-Right-Turn,Sharp-Right-Turn
0.842,0.455,3.245,1.408,,Sharp-Right-Turn,Sharp-Right-Turn
0.843,0.456,0.906,1.407,,Sharp-Right-Turn,Sharp-Right-Turn
0.843,0.454,2.649,1.407,,Sharp-Right-Turn,Sharp-Right-Turn
0.841,0.453,0.916,1.41,,Sharp-Right-Turn,Sharp-Right-Turn
0.838,0.451,2.642,1.411,,Sharp-Right-Turn,Sharp-Right-Turn
0.838,0.449,2.643,1.41,,Sharp-Right-Turn,Sharp-Right-Turn
0.838,0.447,2.644,1.41,,Sharp-Right-Turn,Sharp-Right-Turn
0.834,0.445,2.644,1.417,,Sharp-Right-Turn,Sharp-Right-Turn
0.837,0.443,2.646,1.416,,Sharp-Right-Turn,Sharp-Right-Turn
0.845,0.441,2.647,1.413,,Sharp-Right-Turn,Sharp-Right-Turn
0.846,0.439,2.648,1.414,,Sharp-Right-Turn,Sharp-Right-Turn
0.845,0.437,2.65,1.414,,Sharp-Right-Turn,Sharp-Right-Turn
0.845,0.435,2.653,1.415,,Sharp-Right-Turn,Sharp-Right-Turn
0.846,0.433,1.496,1.416,,Sharp-Right-Turn,Sharp-Right-Turn
0.847,0.431,2.658,0.802,,Sharp-Right-Turn,Sharp-Right-Turn
0.836,0.428,1.482,0.797,,Sharp-Right-Turn,Sharp-Right-Turn
0.835,0.425,1.475,0.796,,Sharp-Right-Turn,Sharp-Right-Turn
0.834,0.423,1.469,0.795,,Sharp-Right-Turn,Sharp-Right-Turn
0.834,0.42,1.466,0.797,,Sharp-Right-Turn,Sharp-Right-Turn
0.842,0.417,2.665,0.479,,Sharp-Right-Turn,Sharp-Right-Turn
0.841,0.415,2.671,0.47,,Sharp-Right-Turn,Sharp-Right-Turn
0.841,0.414,2.671,0.461,,Sharp-Right-Turn,Sharp-Right-Turn
0.844,0.412,2.676,0.456,,Sharp-Right-Turn,Sharp-Right-Turn
0.843,0.411,1.489,0.451,,Sharp-Right-Turn,Sharp-Right-Turn
0.831,0.413,1.483,0.45,,Sharp-Right-Turn,Sharp-Right-Turn
0.827,0.414,1.477,0.446,,Sharp-Right-Turn,Sharp-Right-Turn
0.826,0.413,1.448,0.445,,Sharp-Right-Turn,Sharp-Right-Turn
0.825,0.408,1.444,0.438,,Sharp-Right-Turn,Sharp-Right-Turn
0.826,0.408,1.448,0.432,,Sharp-Right-Turn,Sharp-Right-Turn
0.828,0.408,1.443,0.428,,Sharp-Right-Turn,Sharp-Right-Turn
0.83,0.411,1.462,0.429,,Sharp-Right-Turn,Sharp-Right-Turn
0.829,0.423,1.465,0.428,,Sharp-Right-Turn,Sharp-Right-Turn
0.828,0.441,1.445,0.417,,Sharp-Right-Turn,Sharp-Right-Turn
0.83,0.467,1.442,0.408,,Sharp-Right-Turn,Sharp-Right-Turn
0.836,0.418,1.438,0.402,,Sharp-Right-Turn,Sharp-Right-Turn
0.84,0.419,1.439,0.398,,Sharp-Right-Turn,Sharp-Right-Turn
5,0.427,1.439,0.396,,Slight-Right-Turn,Slight-Right-Turn
0.828,0.484,1.458,0.393,,Sharp-Right-Turn,Sharp-Right-Turn
0.827,0.999,1.45,0.408,,Sharp-Right-Turn,Sharp-Right-Turn
0.83,0.431,1.449,0.387,,Sharp-Right-Turn,Sharp-Right-Turn
0.832,0.433,1.444,0.387,,Sharp-Right-Turn,Sharp-Right-Turn
0.835,0.434,1.444,0.387,,Sharp-Right-Turn,Sharp-Right-Turn
0.835,0.43,1.444,0.386,,Sharp-Right-Turn,Sharp-Right-Turn
0.835,0.43,1.444,0.385,,Sharp-Right-Turn,Sharp-Right-Turn
0.835,0.43,1.445,0.385,,Sharp-Right-Turn,Sharp-Right-Turn
0.839,0.428,1.442,0.384,,Sharp-Right-Turn,Sharp-Right-Turn
0.852,0.431,1.442,0.382,,Sharp-Right-Turn,Sharp-Right-Turn
0.856,0.432,1.443,0.381,,Sharp-Right-Turn,Sharp-Right-Turn
3.332,0.433,1.443,0.38,,Slight-Right-Turn,Slight-Right-Turn
3.333,0.437,1.444,0.379,,Slight-Right-Turn,Slight-Right-Turn
3.334,0.442,1.445,0.378,,Slight-Right-Turn,Slight-Right-Turn
3.334,0.453,1.448,0.377,,Slight-Right-Turn,Slight-Right-Turn
3.335,0.817,1.448,0.374,,Move-Forward,Move-Forward
3.334,0.818,1.448,0.378,,Move-Forward,Move-Forward
3.334,0.801,1.448,0.378,,Move-Forward,Move-Forward
3.333,0.818,1.448,0.375,,Move-Forward,Move-Forward
3.332,0.814,1.448,0.376,,Move-Forward,Move-Forward
3.329,0.817,1.449,0.382,,Move-Forward,Move-Forward
3.323,0.81,1.452,0.388,,Move-Forward,Move-Forward
3.314,0.803,1.456,0.397,,Move-Forward,Move-Forward
3.302,0.799,1.46,0.408,,Move-Forward,Move-Forward
3.288,0.79,1.466,0.421,,Move-Forward,Move-Forward
3.271,0.783,1.473,0.436,,Move-Forward,Move-Forward
3.256,0.78,1.479,0.451,,Move-Forward,Move-Forward
3.242,0.77,1.486,0.467,,Move-Forward,Move-Forward
3.224,0.762,1.494,0.485,,Move-Forward,Move-Forward
3.203,0.754,1.502,0.503,,Move-Forward,Move-Forward
3.188,0.591,1.51,0.521,,Move-Forward,Move-Forward
3.168,0.741,1.518,0.54,,Move-Forward,Move-Forward
3.149,0.632,1.526,0.559,,Move-Forward,Move-Forward
3.129,0.654,1.534,0.579,,Move-Forward,Move-Forward
3.11,0.715,1.542,0.598,,Move-Forward,Move-Forward
0.881,0.707,1.551,0.617,,Sharp-Right-Turn,Move-Forward
3.071,0.699,1.559,0.636,,Move-Forward,Move-Forward
3.051,0.691,1.567,0.656,,Move-Forward,Move-Forward
3.031,0.683,1.576,0.676,,Move-Forward,Move-Forward
3.012,0.675,1.584,0.695,,Move-Forward,Move-Forward
2.994,0.668,1.592,0.714,,Move-Forward,Move-Forward
2.973,0.661,1.6,0.731,,Move-Forward,Move-Forward
2.957,0.654,1.607,0.748,,Move-Forward,Move-Forward
2.94,0.648,1.614,0.764,,Move-Forward,Move-Forward
0.811,0.641,1.621,0.781,,Sharp-Right-Turn,Sharp-Right-Turn
0.795,0.638,1.628,0.797,,Sharp-Right-Turn,Sharp-Right-Turn
0.778,0.648,1.635,0.812,,Sharp-Right-Turn,Sharp-Right-Turn
0.781,0.636,1.642,0.829,,Sharp-Right-Turn,Sharp-Right-Turn
2.859,0.629,1.649,0.844,,Move-Forward,Move-Forward
0.749,0.62,1.655,0.859,,Sharp-Right-Turn,Sharp-Right-Turn
2.835,0.612,1.661,0.872,,Move-Forward,Move-Forward
2.829,0.608,1.665,0.878,,Move-Forward,Move-Forward
2.828,0.607,1.666,0.879,,Move-Forward,Move-Forward
2.828,0.604,1.666,0.879,,Move-Forward,Move-Forward
2.827,0.607,1.665,0.881,,Move-Forward,Move-Forward
2.826,0.608,1.665,0.882,,Move-Forward,Move-Forward
2.825,0.607,1.666,0.883,,Move-Forward,Move-Forward
2.823,0.607,1.666,0.885,,Move-Forward,Move-Forward
2.821,0.606,1.667,0.886,,Move-Forward,Move-Forward
2.819,0.606,1.668,0.889,,Move-Forward,Move-Forward
2.817,0.606,1.668,0.891,,Move-Forward,Move-Forward
2.815,0.605,1.669,0.893,,Move-Forward,Move-Forward
2.813,0.605,1.67,0.895,,Move-Forward,Move-Forward
2.809,0.6,1.672,0.9,,Move-Forward,Move-Forward
2.801,0.599,1.675,0.907,,Move-Forward,Move-Forward
2.791,0.6,1.679,0.917,,Move-Forward,Move-Forward
2.78,0.597,1.683,0.929,,Move-Forward,Move-Forward
2.767,0.592,1.688,0.942,,Move-Forward,Move-Forward
2.752,0.589,1.694,0.957,,Move-Forward,Move-Forward
2.736,0.587,1.703,0.973,,Move-Forward,Move-Forward
2.719,0.58,1.71,0.99,,Move-Forward,Move-Forward
2.702,0.575,1.714,1.007,,Move-Forward,Move-Forward
2.684,0.565,1.721,1.025,,Move-Forward,Move-Forward
2.665,0.562,1.728,1.043,,Move-Forward,Move-Forward
2.647,0.558,1.735,1.061,,Move-Forward,Move-Forward
2.628,0.558,1.745,1.083,,Move-Forward,Move-Forward
2.609,0.575,1.75,1.1,,Move-Forward,Move-Forward
2.589,0.538,1.757,1.119,,Move-Forward,Move-Forward
2.569,0.529,1.765,1.139,,Move-Forward,Move-Forward
2.55,0.523,1.772,1.158,,Move-Forward,Move-Forward
2.53,0.512,1.779,1.178,,Move-Forward,Move-Forward
2.51,0.512,1.787,1.197,,Move-Forward,Move-Forward
2.491,0.503,1.794,1.217,,Move-Forward,Slight-Right-Turn
2.471,0.496,1.801,1.237,,Move-Forward,Slight-Right-Turn
2.451,0.486,1.809,1.26,,Slight-Right-Turn,Slight-Right-Turn
2.431,0.479,1.816,1.276,,Slight-Right-Turn,Slight-Right-Turn
2.411,0.47,1.823,1.296,,Slight-Right-Turn,Slight-Right-Turn
2.391,0.464,1.831,1.316,,Slight-Right-Turn,Slight-Right-Turn
2.372,0.458,1.838,1.335,,Slight-Right-Turn,Slight-Right-Turn
2.354,0.452,1.844,1.353,,Slight-Right-Turn,Slight-Right-Turn
2.337,0.448,1.85,1.371,,Slight-Right-Turn,Slight-Right-Turn
2.32,0.444,1.856,1.388,,Slight-Right-Turn,Slight-Right-Turn
2.304,0.441,1.862,1.404,,Slight-Right-Turn,Slight-Right-Turn
2.288,0.439,1.867,1.419,,Slight-Right-Turn,Slight-Right-Turn
2.274,0.44,1.872,1.434,,Slight-Right-Turn,Slight-Right-Turn
2.258,0.439,1.876,1.447,,Slight-Right-Turn,Slight-Right-Turn
2.248,0.445,1.881,1.459,,Slight-Right-Turn,Slight-Right-Turn
2.233,0.45,1.884,1.471,,Slight-Right-Turn,Slight-Right-Turn
2.222,0.449,1.888,1.482,,Slight-Right-Turn,Slight-Right-Turn
2.214,0.459,1.891,1.493,,Slight-Right-Turn,Slight-Right-Turn
2.205,0.466,1.895,1.503,,Slight-Right-Turn,Slight-Right-Turn
2.195,0.445,1.898,1.512,,Slight-Right-Turn,Slight-Right-Turn
2.184,0.441,1.901,1.52,,Slight-Right-Turn,Slight-Right-Turn
2.179,0.437,1.906,1.525,,Slight-Right-Turn,Slight-Right-Turn
2.181,0.436,1.904,1.525,,Slight-Right-Turn,Slight-Right-Turn
2.181,0.436,1.904,1.525,,Slight-Right-Turn,Slight-Right-Turn
2.179,0.436,1.904,1.525,,Slight-Right-Turn,Slight-Right-Turn
2.179,0.436,1.904,1.525,,Slight-Right-Turn,Slight-Right-Turn
2.181,0.436,1.904,1.526,,Slight-Right-Turn,Slight-Right-Turn
2.177,0.436,1.908,1.527,,Slight-Right-Turn,Slight-Right-Turn
2.174,0.436,1.905,1.53,,Slight-Right-Turn,Slight-Right-Turn
2.169,0.436,1.907,1.534,,Slight-Right-Turn,Slight-Right-Turn
2.163,0.436,1.909,1.54,,Slight-Right-Turn,Slight-Right-Turn
2.155,0.507,1.911,1.547,,Move-Forward,Slight-Right-Turn
2.147,0.444,1.914,1.555,,Slight-Right-Turn,Slight-Right-Turn
2.138,0.442,1.916,1.563,,Slight-Right-Turn,Slight-Right-Turn
2.129,0.487,1.919,1.572,,Slight-Right-Turn,Slight-Right-Turn
2.119,0.486,1.921,1.582,,Slight-Right-Turn,Slight-Right-Turn
2.107,0.495,1.924,1.593,,Move-Forward,Slight-Right-Turn
2.096,3.091,1.927,1.605,,Slight Left,Slight Left
2.085,3.097,1.93,1.615,,Slight Left,Slight Left
2.074,0.457,1.932,1.626,,Slight-Right-Turn,Slight-Right-Turn
2.062,0.458,1.935,1.638,,Slight-Right-Turn,Slight-Right-Turn
2.049,0.462,1.937,1.652,,Slight-Right-Turn,Slight-Right-Turn
2.035,0.473,1.939,1.665,,Slight-Right-Turn,Slight-Right-Turn
2.021,0.492,1.942,1.679,,Slight-Right-Turn,Move-Forward
2.008,0.481,1.945,1.692,,Slight-Right-Turn,Move-Forward
1.995,1.464,1.948,1.705,,Slight Left,Slight Left
1.981,1.455,1.95,1.719,,Slight Left,Slight Left
1.968,1.452,1.953,1.731,,Slight Left,Slight Left
1.956,1.447,1.955,1.744,,Slight Left,Slight Left
1.943,1.446,1.957,1.756,,Slight Left,Slight Left
1.931,1.444,1.959,1.769,,Slight Left,Slight Left
1.918,1.442,1.961,1.782,,Slight Left,Slight Left
1.905,1.441,1.963,1.795,,Slight Left,Slight Left
1.891,1.437,1.965,1.809,,Slight Left,Slight Left
1.877,1.435,1.966,1.823,,Slight Left,Slight Left
1.862,1.434,1.931,1.838,,Slight Left,Slight Left
1.848,1.433,1.919,1.853,,Slight Left,Slight Left
1.833,1.431,1.974,1.868,,Slight Left,Slight Left
1.818,1.43,1.977,1.883,,Slight Left,Slight Left
1.804,1.431,1.878,1.898,,Slight Left,Slight Left
1.79,1.43,1.982,1.912,,Slight Left,Slight Left
1.776,1.431,1.984,1.925,,Slight Left,Slight Left
1.762,1.44,1.828,1.938,,Slight Left,Slight Left
1.686,1.432,1.787,1.951,,Slight Left,Slight Left
1.677,1.424,1.765,1.964,,Slight Left,Slight Left
1.658,1.422,1.75,1.977,,Slight Left,Slight Left
1.646,1.421,1.748,1.991,,Slight Left,Slight Left
1.637,0.664,1.845,2.004,,Move-Forward,Move-Forward
1.524,0.665,1.717,2.02,,Move-Forward,Move-Forward
1.425,0.675,1.69,2.034,,Move-Forward,Move-Forward
1.418,0.686,1.676,2.047,,Move-Forward,Move-Forward
1.416,0.693,1.658,2.068,,Move-Forward,Move-Forward
1.403,0.696,1.646,2.073,,Move-Forward,Move-Forward
1.393,0.795,1.633,2.082,,Move-Forward,Move-Forward
1.413,0.805,1.62,2.097,,Move-Forward,Move-Forward
1.414,0.819,1.613,2.11,,Move-Forward,Move-Forward
1.41,0.83,1.595,2.124,,Move-Forward,Move-Forward
1.359,0.915,1.578,2.141,,Slight Left,Slight Left
1.345,0.982,1.565,2.156,,Slight Left,Slight Left
1.332,2.168,1.551,2.159,,Slight Left,Slight Left
1.318,0.88,1.533,2.171,,Move-Forward,Move-Forward
1.304,2.192,1.517,2.186,,Slight Left,Slight Left
1.29,2.204,1.503,2.23,,Slight Left,Slight Left
1.277,2.217,1.488,2.203,,Slight Left,Slight Left
1.263,2.229,1.475,2.228,,Slight Left,Slight Left
1.249,1.292,1.462,2.298,,Slight Left,Slight Left
1.236,1.297,1.454,2.271,,Slight Left,Slight Left
1.223,1.305,1.443,2.29,,Slight Left,Slight Left
1.21,1.312,1.432,2.301,,Slight Left,Slight Left
1.201,1.319,1.423,2.283,,Slight Left,Slight Left
1.19,2.29,1.414,2.369,,Slight Left,Slight Left
1.181,2.298,1.405,2.368,,Slight Left,Slight Left
1.17,2.304,1.395,3.323,,Slight Left,Slight Left
1.157,1.762,1.383,2.383,,Slight Left,Slight Left
1.144,1.772,1.375,3.348,,Slight Left,Slight Left
1.132,2.326,1.367,2.396,,Slight Left,Slight Left
1.12,2.333,1.36,2.399,,Slight Left,Slight Left
1.108,2.34,1.353,2.398,,Slight Left,Slight Left
1.096,2.347,1.346,2.41,,Slight Left,Slight Left
1.083,0.844,1.34,2.413,,Move-Forward,Move-Forward
1.071,0.848,1.334,2.429,,Move-Forward,Move-Forward
1.059,0.814,1.331,2.413,,Move-Forward,Move-Forward
1.046,0.82,1.327,2.405,,Move-Forward,Move-Forward
1.032,0.82,1.321,2.454,,Move-Forward,Move-Forward
1.017,0.859,1.316,2.427,,Move-Forward,Move-Forward
0.999,0.825,1.311,2.438,,Move-Forward,Move-Forward
0.982,0.828,1.307,2.453,,Move-Forward,Move-Forward
0.965,0.831,1.299,2.47,,Move-Forward,Move-Forward
0.947,0.829,1.296,2.488,,Move-Forward,Move-Forward
0.929,0.828,1.292,2.509,,Move-Forward,Move-Forward
0.91,0.83,1.289,2.528,,Move-Forward,Move-Forward
0.891,0.833,1.286,2.541,,Sharp-Right-Turn,Sharp-Right-Turn
0.872,0.835,1.283,2.563,,Sharp-Right-Turn,Sharp-Right-Turn
0.853,0.835,1.28,2.582,,Sharp-Right-Turn,Sharp-Right-Turn
0.834,0.837,1.278,2.605,,Sharp-Right-Turn,Sharp-Right-Turn
0.814,0.84,1.275,2.625,,Sharp-Right-Turn,Sharp-Right-Turn
0.796,0.843,1.273,2.643,,Sharp-Right-Turn,Sharp-Right-Turn
0.78,0.845,1.271,2.671,,Sharp-Right-Turn,Sharp-Right-Turn
0.775,0.844,1.277,2.661,,Sharp-Right-Turn,Sharp-Right-Turn
0.778,0.843,1.279,2.662,,Sharp-Right-Turn,Sharp-Right-Turn
0.78,0.842,1.28,2.659,,Sharp-Right-Turn,Sharp-Right-Turn
0.782,0.841,1.28,2.658,,Sharp-Right-Turn,Sharp-Right-Turn
0.783,0.841,1.28,2.658,,Sharp-Right-Turn,Sharp-Right-Turn
0.782,0.844,1.281,2.656,,Sharp-Right-Turn,Sharp-Right-Turn
0.782,0.844,1.282,2.659,,Sharp-Right-Turn,Sharp-Right-Turn
0.782,0.842,1.282,2.657,,Sharp-Right-Turn,Sharp-Right-Turn
0.783,0.845,1.283,2.66,,Sharp-Right-Turn,Sharp-Right-Turn
0.786,0.841,1.284,2.664,,Sharp-Right-Turn,Sharp-Right-Turn
0.783,0.84,1.284,2.668,,Sharp-Right-Turn,Sharp-Right-Turn
0.784,0.838,1.285,2.655,,Sharp-Right-Turn,Sharp-Right-Turn
0.787,0.834,1.282,2.666,,Sharp-Right-Turn,Sharp-Right-Turn
0.786,0.833,1.283,2.667,,Sharp-Right-Turn,Sharp-Right-Turn
0.786,0.831,1.284,2.705,,Sharp-Right-Turn,Sharp-Right-Turn
0.782,0.829,1.285,3.668,,Sharp-Right-Turn,Sharp-Right-Turn
0.781,0.828,1.287,3.668,,Sharp-Right-Turn,Sharp-Right-Turn
0.78,0.826,1.288,3.667,,Sharp-Right-Turn,Sharp-Right-Turn
0.78,0.825,1.29,3.667,,Sharp-Right-Turn,Sharp-Right-Turn
0.779,0.823,1.293,3.667,,Sharp-Right-Turn,Sharp-Right-Turn
0.779,0.822,1.295,3.667,,Sharp-Right-Turn,Sharp-Right-Turn
0.781,0.83,1.301,3.676,,Sharp-Right-Turn,Sharp-Right-Turn
0.781,0.905,1.304,3.678,,Sharp-Right-Turn,Sharp-Right-Turn
0.78,0.834,1.303,3.72,,Sharp-Right-Turn,Sharp-Right-Turn
0.778,0.825,1.304,3.667,,Sharp-Right-Turn,Sharp-Right-Turn
0.772,0.831,1.306,3.705,,Sharp-Right-Turn,Sharp-Right-Turn
0.77,0.821,1.307,3.671,,Sharp-Right-Turn,Sharp-Right-Turn
0.769,0.82,1.309,3.678,,Sharp-Right-Turn,Sharp-Right-Turn
0.768,0.854,1.311,3.672,,Sharp-Right-Turn,Sharp-Right-Turn
0.767,0.89,1.314,3.717,,Sharp-Right-Turn,Sharp-Right-Turn
0.766,0.884,1.316,0.836,,Sharp-Right-Turn,Sharp-Right-Turn
0.766,0.826,1.322,0.823,,Sharp-Right-Turn,Sharp-Right-Turn
0.769,0.822,1.351,0.813,,Sharp-Right-Turn,Sharp-Right-Turn
0.768,0.798,1.329,0.808,,Sharp-Right-Turn,Sharp-Right-Turn
0.78,0.794,1.338,0.805,,Sharp-Right-Turn,Sharp-Right-Turn
0.796,0.791,1.335,0.803,,Sharp-Right-Turn,Sharp-Right-Turn
0.767,0.787,1.334,0.807,,Sharp-Right-Turn,Sharp-Right-Turn
0.766,0.784,1.337,0.81,,Sharp-Right-Turn,Sharp-Right-Turn
0.766,0.78,1.342,0.795,,Sharp-Right-Turn,Sharp-Right-Turn
0.768,0.773,1.345,0.793,,Sharp-Right-Turn,Sharp-Right-Turn
0.771,0.77,1.351,0.792,,Sharp-Right-Turn,Sharp-Right-Turn
0.784,0.767,1.828,0.791,,Sharp-Right-Turn,Sharp-Right-Turn
0.843,0.763,1.383,0.786,,Sharp-Right-Turn,Sharp-Right-Turn
0.885,0.755,1.386,0.785,,Sharp-Right-Turn,Sharp-Right-Turn
0.887,0.752,1.39,0.784,,Sharp-Right-Turn,Sharp-Right-Turn
0.885,0.749,1.367,0.783,,Sharp-Right-Turn,Sharp-Right-Turn
1.333,0.748,1.394,0.783,,Move-Forward,Move-Forward
1.338,0.742,1.401,0.787,,Move-Forward,Move-Forward
1.339,0.735,1.919,0.787,,Move-Forward,Move-Forward
1.335,0.733,1.92,0.787,,Move-Forward,Move-Forward
1.333,0.732,1.919,0.789,,Move-Forward,Move-Forward
1.331,0.732,1.918,0.79,,Move-Forward,Move-Forward
1.329,0.732,1.916,0.793,,Move-Forward,Move-Forward
1.323,0.732,1.913,0.799,,Move-Forward,Move-Forward
1.315,0.731,1.909,0.807,,Move-Forward,Move-Forward
1.304,0.731,1.903,0.818,,Move-Forward,Move-Forward
1.295,0.724,1.896,0.83,,Move-Forward,Move-Forward
1.28,0.719,1.888,0.845,,Move-Forward,Move-Forward
1.264,0.715,1.879,0.861,,Move-Forward,Move-Forward
1.247,0.71,1.87,0.877,,Move-Forward,Move-Forward
1.23,0.709,1.861,0.895,,Move-Forward,Move-Forward
1.211,0.7,1.663,0.912,,Move-Forward,Move-Forward
1.048,0.694,1.841,0.931,,Move-Forward,Move-Forward
1.025,0.689,1.569,0.95,,Move-Forward,Move-Forward
1.005,0.684,1.821,0.969,,Move-Forward,Move-Forward
0.988,0.678,1.811,0.988,,Move-Forward,Move-Forward
0.971,0.673,1.798,1.008,,Move-Forward,Move-Forward
0.955,0.667,1.788,1.028,,Move-Forward,Move-Forward
0.938,0.662,1.778,1.048,,Move-Forward,Sharp-Right-Turn
0.922,0.656,1.766,1.068,,Move-Forward,Sharp-Right-Turn
0.905,0.65,1.759,1.089,,Move-Forward,Sharp-Right-Turn
0.886,0.638,1.741,1.131,,Sharp-Right-Turn,Sharp-Right-Turn
0.954,0.627,1.718,1.166,,Move-Forward,Move-Forward
0.935,0.618,1.717,1.188,,Move-Forward,Move-Forward
0.915,0.612,1.71,1.204,,Move-Forward,Move-Forward
0.897,0.606,1.693,1.225,,Sharp-Right-Turn,Sharp-Right-Turn
0.88,0.601,1.686,1.238,,Sharp-Right-Turn,Sharp-Right-Turn
0.864,0.597,1.683,1.254,,Sharp-Right-Turn,Sharp-Right-Turn
0.849,0.593,1.68,1.269,,Sharp-Right-Turn,Sharp-Right-Turn
0.835,0.589,1.678,1.283,,Sharp-Right-Turn,Sharp-Right-Turn
0.824,0.585,1.675,1.293,,Sharp-Right-Turn,Sharp-Right-Turn
0.822,0.583,1.676,1.295,,Sharp-Right-Turn,Sharp-Right-Turn
0.825,0.578,1.677,1.292,,Sharp-Right-Turn,Sharp-Right-Turn
0.826,0.578,1.675,1.29,,Sharp-Right-Turn,Sharp-Right-Turn
0.826,0.582,1.675,1.291,,Sharp-Right-Turn,Sharp-Right-Turn
0.826,0.578,1.678,1.291,,Sharp-Right-Turn,Sharp-Right-Turn
0.826,0.578,1.678,1.287,,Sharp-Right-Turn,Sharp-Right-Turn
0.826,0.577,1.679,1.287,,Sharp-Right-Turn,Sharp-Right-Turn
0.826,0.576,1.68,1.29,,Sharp-Right-Turn,Sharp-Right-Turn
0.827,0.572,1.681,1.287,,Sharp-Right-Turn,Sharp-Right-Turn
0.827,0.572,0.893,1.286,,Sharp-Right-Turn,Sharp-Right-Turn
0.827,0.572,1.682,1.286,,Sharp-Right-Turn,Sharp-Right-Turn
0.827,0.571,0.894,1.289,,Sharp-Right-Turn,Sharp-Right-Turn
0.827,0.57,0.895,1.289,,Sharp-Right-Turn,Sharp-Right-Turn
0.828,0.569,1.689,1.289,,Sharp-Right-Turn,Sharp-Right-Turn
0.828,0.568,0.898,1.286,,Sharp-Right-Turn,Sharp-Right-Turn
0.828,0.566,0.901,1.29,,Sharp-Right-Turn,Sharp-Right-Turn
0.828,0.564,1.581,1.291,,Sharp-Right-Turn,Sharp-Right-Turn
0.828,0.564,1.585,1.295,,Sharp-Right-Turn,Sharp-Right-Turn
0.826,0.562,1.587,1.309,,Sharp-Right-Turn,Sharp-Right-Turn
0.826,0.561,1.693,5,,Sharp-Right-Turn,Sharp-Right-Turn
0.825,0.566,1.694,5,,Sharp-Right-Turn,Sharp-Right-Turn
0.825,0.565,1.695,5,,Sharp-Right-Turn,Sharp-Right-Turn
0.825,0.565,1.695,5,,Sharp-Right-Turn,Sharp-Right-Turn
0.825,0.565,1.695,5,,Sharp-Right-Turn,Sharp-Right-Turn
0.825,0.56,1.695,5,,Sharp-Right-Turn,Sharp-Right-Turn
0.826,0.559,1.696,1.164,,Sharp-Right-Turn,Sharp-Right-Turn
0.825,0.554,1.701,1.163,,Sharp-Right-Turn,Sharp-Right-Turn
0.826,0.553,1.702,1.162,,Sharp-Right-Turn,Sharp-Right-Turn
0.826,0.552,1.701,1.158,,Sharp-Right-Turn,Sharp-Right-Turn
0.826,0.55,1.702,1.157,,Sharp-Right-Turn,Sharp-Right-Turn
0.827,0.549,1.706,1.156,,Sharp-Right-Turn,Sharp-Right-Turn
0.827,0.547,1.711,1.156,,Sharp-Right-Turn,Sharp-Right-Turn
0.828,0.546,1.712,1.155,,Sharp-Right-Turn,Sharp-Right-Turn
0.827,0.545,1.724,1.161,,Sharp-Right-Turn,Sharp-Right-Turn
0.826,0.547,2.017,5,,Sharp-Right-Turn,Sharp-Right-Turn
0.825,0.55,2.408,5,,Sharp-Right-Turn,Sharp-Right-Turn
0.823,0.547,1.363,5,,Sharp-Right-Turn,Sharp-Right-Turn
0.822,0.545,2.443,5,,Sharp-Right-Turn,Sharp-Right-Turn
0.821,0.538,2.438,1.167,,Sharp-Right-Turn,Sharp-Right-Turn
0.82,0.532,2.44,4.763,,Sharp-Right-Turn,Sharp-Right-Turn
0.82,0.53,2.445,1.162,,Sharp-Right-Turn,Sharp-Right-Turn
0.82,0.529,2.45,5,,Sharp-Right-Turn,Sharp-Right-Turn
0.82,0.528,2.45,5,,Sharp-Right-Turn,Sharp-Right-Turn
0.823,0.527,2.468,0.595,,Sharp-Right-Turn,Sharp-Right-Turn
0.821,0.527,2.645,0.597,,Sharp-Right-Turn,Sharp-Right-Turn
0.824,0.526,2.616,0.589,,Sharp-Right-Turn,Sharp-Right-Turn
0.824,0.526,2.613,0.587,,Sharp-Right-Turn,Sharp-Right-Turn
0.823,0.525,2.618,0.58,,Sharp-Right-Turn,Sharp-Right-Turn
0.822,0.524,2.887,0.575,,Sharp-Right-Turn,Sharp-Right-Turn
0.818,0.527,2.889,0.572,,Sharp-Right-Turn,Sharp-Right-Turn
0.817,0.527,2.969,0.572,,Sharp-Right-Turn,Sharp-Right-Turn
0.816,0.542,2.896,0.572,,Sharp-Right-Turn,Sharp-Right-Turn
0.816,0.707,2.479,0.571,,Sharp-Right-Turn,Sharp-Right-Turn
0.814,0.524,2.471,0.577,,Sharp-Right-Turn,Sharp-Right-Turn
0.813,0.52,2.48,0.574,,Sharp-Right-Turn,Sharp-Right-Turn
0.813,0.523,2.894,0.554,,Sharp-Right-Turn,Sharp-Right-Turn
0.812,0.527,2.899,0.628,,Sharp-Right-Turn,Sharp-Right-Turn
0.812,0.572,2.901,0.57,,Sharp-Right-Turn,Sharp-Right-Turn
0.811,0.867,2.903,0.579,,Sharp-Right-Turn,Sharp-Right-Turn
0.813,0.842,1.328,0.537,,Sharp-Right-Turn,Sharp-Right-Turn
0.879,0.838,1.321,0.528,,Sharp-Right-Turn,Sharp-Right-Turn
0.816,0.548,1.322,0.524,,Sharp-Right-Turn,Sharp-Right-Turn
0.812,0.667,1.323,0.518,,Sharp-Right-Turn,Sharp-Right-Turn
0.811,0.665,1.33,0.519,,Sharp-Right-Turn,Sharp-Right-Turn
0.814,0.666,1.334,0.519,,Sharp-Right-Turn,Sharp-Right-Turn
0.817,0.546,1.346,0.52,,Sharp-Right-Turn,Sharp-Right-Turn
1.554,0.538,1.327,0.511,,Move-Forward,Move-Forward
0.837,0.805,1.328,0.509,,Sharp-Right-Turn,Sharp-Right-Turn
0.903,0.549,1.326,0.498,,Move-Forward,Move-Forward
1.58,0.799,1.327,0.493,,Move-Forward,Move-Forward
1.719,0.795,1.328,0.493,,Move-Forward,Move-Forward
1.721,0.793,1.329,0.494,,Move-Forward,Move-Forward
1.717,0.793,1.329,0.492,,Move-Forward,Move-Forward
1.717,0.796,1.329,0.496,,Move-Forward,Move-Forward
1.716,0.793,1.329,0.496,,Move-Forward,Move-Forward
1.715,0.796,1.33,0.497,,Move-Forward,Move-Forward
1.569,0.791,1.331,0.497,,Move-Forward,Move-Forward
1.566,0.792,1.333,0.502,,Move-Forward,Move-Forward
1.696,0.788,1.337,0.511,,Move-Forward,Move-Forward
1.685,0.78,1.343,0.521,,Move-Forward,Move-Forward
1.669,0.775,1.349,0.533,,Move-Forward,Move-Forward
0.902,0.616,1.355,0.547,,Move-Forward,Sharp-Right-Turn
1.637,0.632,1.362,0.562,,Move-Forward,Move-Forward
1.62,0.753,1.37,0.577,,Move-Forward,Move-Forward
1.596,0.745,1.378,0.594,,Move-Forward,Move-Forward
1.569,0.737,1.385,0.611,,Move-Forward,Move-Forward
1.553,0.729,1.393,0.629,,Move-Forward,Move-Forward
1.552,0.721,1.401,0.647,,Move-Forward,Move-Forward
1.533,0.712,1.409,0.665,,Move-Forward,Move-Forward
0.835,0.704,1.414,0.683,,Sharp-Right-Turn,Sharp-Right-Turn
0.806,0.697,1.425,0.701,,Sharp-Right-Turn,Sharp-Right-Turn
0.791,0.688,1.432,0.719,,Sharp-Right-Turn,Sharp-Right-Turn
0.78,0.68,1.437,0.737,,Sharp-Right-Turn,Sharp-Right-Turn
0.858,0.672,1.445,0.754,,Sharp-Right-Turn,Sharp-Right-Turn
1.416,0.664,1.455,0.771,,Move-Forward,Move-Forward
1.407,0.657,1.462,0.787,,Move-Forward,Move-Forward
1.403,0.652,1.467,0.794,,Move-Forward,Move-Forward
1.401,0.65,1.467,0.792,,Move-Forward,Move-Forward
0.854,0.651,1.467,0.79,,Sharp-Right-Turn,Sharp-Right-Turn
0.857,0.651,1.466,0.791,,Sharp-Right-Turn,Sharp-Right-Turn
1.404,0.652,1.466,0.793,,Move-Forward,Move-Forward
0.854,0.65,1.467,0.794,,Sharp-Right-Turn,Sharp-Right-Turn
0.851,0.65,1.467,0.794,,Sharp-Right-Turn,Sharp-Right-Turn
0.855,0.649,1.467,0.794,,Sharp-Right-Turn,Sharp-Right-Turn
0.851,0.649,1.468,0.794,,Sharp-Right-Turn,Sharp-Right-Turn
0.847,0.649,1.468,0.794,,Sharp-Right-Turn,Sharp-Right-Turn
0.847,0.651,1.469,0.794,,Sharp-Right-Turn,Sharp-Right-Turn
0.853,0.651,1.473,0.793,,Sharp-Right-Turn,Sharp-Right-Turn
1.395,0.649,1.474,0.794,,Move-Forward,Move-Forward
1.394,0.656,1.473,0.794,,Move-Forward,Move-Forward
1.394,0.645,1.48,0.794,,Move-Forward,Move-Forward
1.392,0.643,1.476,0.795,,Move-Forward,Move-Forward
1.391,0.643,1.477,0.797,,Move-Forward,Move-Forward
1.389,0.643,1.48,0.799,,Move-Forward,Move-Forward
1.387,0.642,1.477,0.801,,Move-Forward,Move-Forward
1.382,0.641,1.482,0.806,,Move-Forward,Move-Forward
0.858,0.635,1.491,0.813,,Sharp-Right-Turn,Sharp-Right-Turn
1.364,0.631,1.487,0.824,,Move-Forward,Move-Forward
1.348,0.627,1.495,0.836,,Move-Forward,Move-Forward
1.334,0.622,1.509,0.853,,Move-Forward,Move-Forward
1.316,0.617,1.528,0.864,,Move-Forward,Move-Forward
0.907,0.612,1.553,0.879,,Move-Forward,Sharp-Right-Turn
1.291,0.607,1.544,0.895,,Move-Forward,Move-Forward
1.275,0.603,1.571,0.912,,Move-Forward,Move-Forward
1.262,0.599,1.576,0.929,,Move-Forward,Move-Forward
1.242,0.594,1.578,0.946,,Move-Forward,Move-Forward
1.226,0.59,1.577,0.963,,Move-Forward,Move-Forward
1.209,0.585,1.588,0.981,,Move-Forward,Move-Forward
1.191,0.58,1.591,0.999,,Move-Forward,Move-Forward
1.171,0.576,1.597,1.017,,Move-Forward,Move-Forward
1.153,0.572,1.602,1.036,,Move-Forward,Move-Forward
1.136,0.567,1.609,1.055,,Move-Forward,Move-Forward
1.118,0.562,1.616,1.077,,Move-Forward,Move-Forward
1.1,0.557,1.604,1.097,,Move-Forward,Move-Forward
1.084,0.552,1.63,1.116,,Move-Forward,Move-Forward
1.066,0.547,1.642,1.133,,Move-Forward,Move-Forward
1.047,0.542,1.65,1.156,,Move-Forward,Move-Forward
0.842,0.537,1.665,1.176,,Sharp-Right-Turn,Sharp-Right-Turn
0.815,0.531,1.767,1.195,,Sharp-Right-Turn,Sharp-Right-Turn
0.992,0.526,1.816,1.215,,Move-Forward,Move-Forward
0.977,0.521,3.182,1.236,,Move-Forward,Move-Forward
0.958,0.516,1.856,1.256,,Move-Forward,Move-Forward
0.746,0.512,1.868,1.271,,Sharp-Right-Turn,Sharp-Right-Turn
0.729,0.508,1.773,1.289,,Sharp-Right-Turn,Sharp-Right-Turn
0.91,0.504,3.201,1.306,,Move-Forward,Move-Forward
0.895,0.5,3.205,1.323,,Sharp-Right-Turn,Sharp-Right-Turn
0.888,0.497,3.209,1.339,,Sharp-Right-Turn,Sharp-Right-Turn
0.868,0.493,3.213,1.352,,Sharp-Right-Turn,Sharp-Right-Turn
0.858,0.489,3.216,1.362,,Sharp-Right-Turn,Sharp-Right-Turn
0.852,0.487,3.217,1.364,,Sharp-Right-Turn,Sharp-Right-Turn
0.853,0.487,3.217,1.362,,Sharp-Right-Turn,Sharp-Right-Turn
0.854,0.487,1.759,1.361,,Sharp-Right-Turn,Sharp-Right-Turn
0.854,0.487,1.762,1.361,,Sharp-Right-Turn,Sharp-Right-Turn
0.854,0.486,1.759,1.36,,Sharp-Right-Turn,Sharp-Right-Turn
0.853,0.486,1.766,1.361,,Sharp-Right-Turn,Sharp-Right-Turn
0.853,0.485,1.757,1.36,,Sharp-Right-Turn,Sharp-Right-Turn
0.852,0.484,1.755,1.36,,Sharp-Right-Turn,Sharp-Right-Turn
0.852,0.483,1.755,1.36,,Sharp-Right-Turn,Sharp-Right-Turn
0.851,0.482,1.757,1.36,,Sharp-Right-Turn,Sharp-Right-Turn
0.847,0.481,1.765,1.132,,Sharp-Right-Turn,Sharp-Right-Turn
0.846,0.48,1.767,1.36,,Sharp-Right-Turn,Sharp-Right-Turn
0.846,0.479,3.23,1.367,,Sharp-Right-Turn,Sharp-Right-Turn
0.849,0.476,1.941,1.362,,Sharp-Right-Turn,Sharp-Right-Turn
0.848,0.474,1.941,1.361,,Sharp-Right-Turn,Sharp-Right-Turn
0.848,0.473,1.938,1.114,,Sharp-Right-Turn,Sharp-Right-Turn
0.848,0.473,1.938,1.111,,Sharp-Right-Turn,Sharp-Right-Turn
0.851,0.472,1.938,1.107,,Sharp-Right-Turn,Sharp-Right-Turn
0.851,0.471,1.939,1.104,,Sharp-Right-Turn,Sharp-Right-Turn
0.851,0.471,1.785,1.103,,Sharp-Right-Turn,Sharp-Right-Turn
1.482,0.469,1.773,1.386,,Slight-Right-Turn,Slight-Right-Turn
1.482,0.468,1.774,1.102,,Slight-Right-Turn,Slight-Right-Turn
1.132,0.466,1.772,1.094,,Slight-Right-Turn,Slight-Right-Turn
1.54,0.465,1.774,1.094,,Slight-Right-Turn,Slight-Right-Turn
1.132,0.464,1.775,1.095,,Slight-Right-Turn,Slight-Right-Turn
1.117,0.463,1.776,1.085,,Slight-Right-Turn,Slight-Right-Turn
1.12,0.464,1.776,1.061,,Slight-Right-Turn,Slight-Right-Turn
1.132,0.464,1.776,0.569,,Slight-Right-Turn,Move-Forward
1.125,0.464,1.776,0.57,,Slight-Right-Turn,Move-Forward
1.12,0.465,1.776,0.57,,Slight-Right-Turn,Move-Forward
1.114,0.465,1.777,0.569,,Slight-Right-Turn,Move-Forward
1.109,0.466,1.775,0.569,,Slight-Right-Turn,Move-Forward
1.103,0.466,1.777,1.086,,Slight-Right-Turn,Slight-Right-Turn
1.104,0.468,1.778,1.027,,Slight-Right-Turn,Slight-Right-Turn
1.504,0.469,1.779,1.034,,Slight-Right-Turn,Slight-Right-Turn
1.496,0.47,1.781,1.041,,Slight-Right-Turn,Slight-Right-Turn
1.485,0.472,1.783,0.566,,Slight-Right-Turn,Slight-Right-Turn
1.476,0.473,1.784,0.567,,Slight-Right-Turn,Slight-Right-Turn
1.468,0.475,1.789,0.564,,Slight-Right-Turn,Slight-Right-Turn
1.46,0.476,1.79,0.568,,Slight-Right-Turn,Slight-Right-Turn
1.451,0.478,1.795,0.569,,Slight-Right-Turn,Slight-Right-Turn
1.443,0.479,1.554,0.98,,Slight-Right-Turn,Slight-Right-Turn
1.435,0.481,1.556,0.988,,Slight-Right-Turn,Slight-Right-Turn
1.427,0.483,1.558,0.568,,Slight-Right-Turn,Slight-Right-Turn
1.419,0.485,1.567,1.009,,Slight-Right-Turn,Slight-Right-Turn
1.412,0.487,1.573,0.574,,Slight-Right-Turn,Slight-Right-Turn
1.404,0.489,1.581,0.576,,Slight-Right-Turn,Move-Forward
1.399,0.492,1.59,1.007,,Slight-Right-Turn,Move-Forward
1.391,0.495,1.599,1.016,,Move-Forward,Move-Forward
1.321,0.497,1.608,1.273,,Move-Forward,Move-Forward
1.306,0.499,1.617,1.282,,Move-Forward,Move-Forward
1.298,0.502,1.623,1.051,,Move-Forward,Move-Forward
1.289,0.505,1.636,1.3,,Move-Forward,Move-Forward
1.279,0.509,1.652,1.07,,Move-Forward,Move-Forward
1.271,0.513,1.661,0.889,,Move-Forward,Move-Forward
1.329,0.517,1.672,0.9,,Move-Forward,Move-Forward
1.318,0.522,1.687,0.911,,Move-Forward,Move-Forward
1.307,0.526,1.704,0.928,,Move-Forward,Move-Forward
1.294,0.531,1.72,0.938,,Move-Forward,Move-Forward
1.282,0.538,1.738,0.958,,Move-Forward,Move-Forward
1.268,0.545,1.758,0.979,,Move-Forward,Move-Forward
1.25,0.552,1.78,0.996,,Move-Forward,Move-Forward
1.232,0.56,1.794,1.024,,Move-Forward,Move-Forward
1.214,0.567,1.815,1.485,,Move-Forward,Move-Forward
1.198,0.574,1.836,1.501,,Move-Forward,Move-Forward
1.178,0.581,1.846,1.525,,Move-Forward,Move-Forward
1.127,0.587,1.883,0.929,,Move-Forward,Move-Forward
1.105,0.594,1.89,0.947,,Move-Forward,Move-Forward
1.082,0.6,1.896,0.969,,Move-Forward,Move-Forward
1.062,0.607,1.933,0.99,,Move-Forward,Move-Forward
1.043,0.615,1.93,1.006,,Move-Forward,Move-Forward
1.024,0.623,1.933,1.611,,Move-Forward,Move-Forward
1.004,0.631,1.937,1.57,,Move-Forward,Move-Forward
0.985,0.639,1.919,1.587,,Move-Forward,Move-Forward
0.966,0.647,2.086,1.577,,Move-Forward,Move-Forward
0.947,0.655,2.085,1.631,,Move-Forward,Move-Forward
0.929,0.662,2.088,1.617,,Move-Forward,Move-Forward
0.914,0.669,2.088,0.735,,Move-Forward,Move-Forward
0.897,0.676,2.091,1.57,,Sharp-Right-Turn,Move-Forward
0.885,0.684,2.167,1.556,,Sharp-Right-Turn,Move-Forward
1.124,0.681,3.021,1.613,,Move-Forward,Move-Forward
1.116,0.683,2.233,1.633,,Move-Forward,Move-Forward
1.497,0.686,2.233,1.653,,Move-Forward,Move-Forward
1.479,0.689,2.24,1.674,,Move-Forward,Move-Forward
1.462,0.694,2.288,1.709,,Move-Forward,Move-Forward
1.446,0.7,2.987,1.158,,Move-Forward,Move-Forward
1.431,0.705,2.981,0.813,,Move-Forward,Move-Forward
1.058,0.711,2.976,1.182,,Move-Forward,Move-Forward
1.047,0.716,2.971,1.209,,Move-Forward,Move-Forward
1.039,0.721,2.965,0.812,,Move-Forward,Move-Forward
1.031,0.727,2.96,1.755,,Move-Forward,Move-Forward
1.023,0.733,2.955,1.767,,Move-Forward,Move-Forward
0.684,0.74,2.949,1.673,,Sharp-Right-Turn,Sharp-Right-Turn
0.663,0.75,2.942,1.699,,Sharp-Right-Turn,Sharp-Right-Turn
0.648,0.757,2.935,1.714,,Sharp-Right-Turn,Sharp-Right-Turn
0.632,0.765,2.928,1.579,,Sharp-Right-Turn,Sharp-Right-Turn
0.617,0.772,2.921,1.597,,Sharp-Right-Turn,Sharp-Right-Turn
0.604,0.776,2.918,2.127,,Sharp-Right-Turn,Sharp-Right-Turn
0.592,0.779,2.372,5,,Sharp-Right-Turn,Sharp-Right-Turn
0.591,0.775,2.372,1.182,,Sharp-Right-Turn,Sharp-Right-Turn
1.04,0.774,2.913,1.554,,Move-Forward,Move-Forward
1.041,0.772,2.915,1.091,,Move-Forward,Move-Forward
1.042,0.772,2.915,1.458,,Move-Forward,Move-Forward
1.041,0.772,2.915,1.091,,Move-Forward,Move-Forward
1.039,0.773,2.914,1.461,,Move-Forward,Move-Forward
1.037,0.774,2.378,1.463,,Move-Forward,Move-Forward
1.036,0.774,2.911,1.551,,Move-Forward,Move-Forward
1.034,0.775,2.375,1.556,,Move-Forward,Move-Forward
1.033,0.776,2.378,1.554,,Move-Forward,Move-Forward
1.032,0.776,2.909,1.559,,Move-Forward,Move-Forward
1.03,0.777,2.909,1.557,,Move-Forward,Move-Forward
1.029,0.777,2.909,1.562,,Move-Forward,Move-Forward
1.027,0.778,2.908,1.564,,Move-Forward,Move-Forward
1.026,0.778,2.376,1.565,,Move-Forward,Move-Forward
1.025,0.778,2.907,1.567,,Move-Forward,Move-Forward
1.02,0.779,2.906,1.568,,Move-Forward,Move-Forward
1.02,0.78,2.38,1.572,,Move-Forward,Move-Forward
1.015,0.779,2.902,1.578,,Move-Forward,Move-Forward
1.007,0.778,2.897,1.59,,Move-Forward,Move-Forward
0.997,0.78,2.892,1.602,,Move-Forward,Move-Forward
0.983,0.779,2.885,1.155,,Move-Forward,Move-Forward
0.974,0.782,2.878,1.739,,Move-Forward,Move-Forward
0.96,0.808,2.87,1.792,,Move-Forward,Move-Forward
0.945,0.782,2.861,1.795,,Move-Forward,Move-Forward
0.93,0.785,2.852,1.471,,Move-Forward,Move-Forward
0.914,0.782,2.842,1.483,,Move-Forward,Sharp-Right-Turn
0.895,0.782,2.832,1.552,,Sharp-Right-Turn,Sharp-Right-Turn
0.875,0.779,2.822,1.571,,Sharp-Right-Turn,Sharp-Right-Turn
0.859,0.78,2.811,1.572,,Sharp-Right-Turn,Sharp-Right-Turn
0.842,0.782,2.801,1.564,,Sharp-Right-Turn,Sharp-Right-Turn
0.823,0.784,2.791,1.635,,Sharp-Right-Turn,Sharp-Right-Turn
0.808,0.786,2.782,1.273,,Sharp-Right-Turn,Sharp-Right-Turn
0.795,0.787,2.775,1.283,,Sharp-Right-Turn,Sharp-Right-Turn
0.789,0.787,2.773,1.192,,Sharp-Right-Turn,Sharp-Right-Turn
0.79,0.789,2.775,1.19,,Sharp-Right-Turn,Sharp-Right-Turn
0.791,0.791,2.776,1.188,,Sharp-Right-Turn,Sharp-Right-Turn
0.792,0.794,2.777,1.62,,Sharp-Right-Turn,Sharp-Right-Turn
0.792,0.892,2.777,1.179,,Sharp-Right-Turn,Sharp-Right-Turn
0.792,0.888,2.358,0.963,,Sharp-Right-Turn,Sharp-Right-Turn
0.792,0.891,2.359,0.959,,Sharp-Right-Turn,Sharp-Right-Turn
0.792,0.887,2.356,0.935,,Sharp-Right-Turn,Sharp-Right-Turn
0.792,0.887,2.359,0.955,,Sharp-Right-Turn,Sharp-Right-Turn
0.792,0.887,2.332,0.952,,Sharp-Right-Turn,Sharp-Right-Turn
0.792,0.886,2.363,0.926,,Sharp-Right-Turn,Sharp-Right-Turn
0.791,0.885,2.361,0.925,,Sharp-Right-Turn,Sharp-Right-Turn
0.79,0.791,2.778,0.922,,Sharp-Right-Turn,Sharp-Right-Turn
0.79,0.789,2.779,0.917,,Sharp-Right-Turn,Sharp-Right-Turn
0.789,0.784,2.131,4.316,,Sharp-Right-Turn,Sharp-Right-Turn
0.788,0.779,2.129,4.313,,Sharp-Right-Turn,Sharp-Right-Turn
0.787,0.773,2.128,4.313,,Sharp-Right-Turn,Sharp-Right-Turn
0.786,0.771,2.133,0.951,,Sharp-Right-Turn,Sharp-Right-Turn
0.785,0.77,2.79,0.903,,Sharp-Right-Turn,Sharp-Right-Turn
0.787,0.768,2.142,0.9,,Sharp-Right-Turn,Sharp-Right-Turn
0.79,0.398,2.652,0.894,,Sharp-Right-Turn,Sharp-Right-Turn
0.8,0.389,2.646,0.888,,Sharp-Right-Turn,Sharp-Right-Turn
0.785,0.387,2.647,0.886,,Sharp-Right-Turn,Sharp-Right-Turn
0.785,0.384,2.647,0.883,,Sharp-Right-Turn,Sharp-Right-Turn
0.784,0.383,2.147,0.885,,Sharp-Right-Turn,Sharp-Right-Turn
0.787,0.777,3.266,0.881,,Sharp-Right-Turn,Sharp-Right-Turn
0.786,0.765,2.662,0.876,,Sharp-Right-Turn,Sharp-Right-Turn
0.793,0.863,2.651,0.875,,Sharp-Right-Turn,Sharp-Right-Turn
0.81,0.78,2.649,0.873,,Sharp-Right-Turn,Sharp-Right-Turn
0.82,0.371,2.65,0.868,,Sharp-Right-Turn,Sharp-Right-Turn
1.799,0.368,2.375,0.867,,Slight-Right-Turn,Slight-Right-Turn
0.949,0.366,2.654,0.866,,Slight-Right-Turn,Slight-Right-Turn
0.944,0.364,2.649,0.866,,Slight-Right-Turn,Slight-Right-Turn
0.94,0.761,2.166,0.866,,Move-Forward,Move-Forward
0.939,0.76,2.167,0.87,,Move-Forward,Move-Forward
0.942,0.767,2.167,0.867,,Move-Forward,Move-Forward
0.939,0.76,2.167,0.87,,Move-Forward,Move-Forward
0.942,0.76,2.166,0.867,,Move-Forward,Move-Forward
0.937,0.76,2.165,0.87,,Move-Forward,Move-Forward
0.933,0.77,2.163,0.878,,Move-Forward,Move-Forward
0.926,0.865,2.662,0.887,,Move-Forward,Move-Forward
0.914,0.75,2.666,0.895,,Move-Forward,Move-Forward
0.911,0.746,2.671,0.908,,Move-Forward,Move-Forward
1.742,0.742,2.677,0.92,,Move-Forward,Move-Forward
1.726,0.384,2.683,0.915,,Slight-Right-Turn,Slight-Right-Turn
1.708,0.386,2.69,0.926,,Slight-Right-Turn,Slight-Right-Turn
1.693,0.389,2.7,0.934,,Slight-Right-Turn,Slight-Right-Turn
2.678,0.396,2.121,0.946,,Slight-Right-Turn,Slight-Right-Turn
2.089,0.438,2.713,0.959,,Slight-Right-Turn,Slight-Right-Turn
2.642,0.444,2.719,0.971,,Slight-Right-Turn,Slight-Right-Turn
2.625,0.698,2.725,0.984,,Move-Forward,Move-Forward
2.609,0.693,2.156,0.996,,Move-Forward,Move-Forward
2.593,0.688,2.151,1.008,,Move-Forward,Move-Forward
2.579,0.683,2.183,1.019,,Move-Forward,Move-Forward
2.564,0.678,2.146,1.03,,Move-Forward,Move-Forward
2.551,0.471,2.752,1.041,,Slight-Right-Turn,Slight-Right-Turn
2.537,0.48,2.759,1.051,,Slight-Right-Turn,Slight-Right-Turn
2.524,0.662,2.764,1.061,,Move-Forward,Move-Forward
2.51,0.658,2.768,1.072,,Move-Forward,Move-Forward
0.723,0.577,2.773,1.083,,Sharp-Right-Turn,Sharp-Right-Turn
2.481,0.649,2.217,1.035,,Move-Forward,Move-Forward
2.467,0.559,2.186,1.046,,Move-Forward,Move-Forward
2.451,0.64,2.06,1.06,,Move-Forward,Move-Forward
1.984,0.626,2.059,1.074,,Move-Forward,Move-Forward
1.413,0.631,2.14,1.088,,Move-Forward,Move-Forward
1.967,0.607,2.478,1.098,,Move-Forward,Slight-Right-Turn
1.965,0.623,2.46,1.115,,Move-Forward,Slight-Right-Turn
0.69,0.619,2.809,1.129,,Sharp-Right-Turn,Sharp-Right-Turn
2.356,0.615,2.161,0.61,,Move-Forward,Move-Forward
1.329,0.61,2.144,0.616,,Move-Forward,Move-Forward
1.309,0.606,2.138,0.625,,Move-Forward,Move-Forward
1.292,0.601,2.128,0.634,,Move-Forward,Move-Forward
1.275,0.597,2.126,0.648,,Move-Forward,Move-Forward
1.266,0.592,2.147,0.663,,Move-Forward,Move-Forward
1.247,0.588,2.134,0.674,,Move-Forward,Move-Forward
1.228,0.583,2.84,0.687,,Move-Forward,Move-Forward
1.231,0.582,2.203,0.7,,Move-Forward,Move-Forward
2.2,0.575,2.108,0.71,,Move-Forward,Move-Forward
2.182,0.568,2.095,0.727,,Move-Forward,Move-Forward
2.163,0.565,2.024,0.738,,Move-Forward,Move-Forward
1.156,0.562,2.146,0.752,,Move-Forward,Move-Forward
2.125,0.559,2.132,0.768,,Move-Forward,Move-Forward
2.105,0.555,2.816,0.783,,Move-Forward,Move-Forward
2.086,0.551,2.803,0.798,,Move-Forward,Move-Forward
2.067,0.547,2.79,0.813,,Move-Forward,Move-Forward
2.047,0.544,2.169,0.832,,Move-Forward,Move-Forward
2.027,0.54,2.161,0.844,,Move-Forward,Move-Forward
2.007,0.536,2.143,0.862,,Move-Forward,Move-Forward
1.988,0.533,2.136,0.877,,Move-Forward,Move-Forward
1.968,0.529,2.07,0.893,,Move-Forward,Move-Forward
1.949,0.526,1.898,0.907,,Move-Forward,Move-Forward
1.93,0.522,1.892,0.923,,Move-Forward,Move-Forward
1.91,0.519,1.893,0.938,,Move-Forward,Move-Forward
1.891,0.516,2.15,0.953,,Move-Forward,Move-Forward
0.914,0.512,1.935,0.969,,Move-Forward,Sharp-Right-Turn
0.884,0.509,2.655,0.985,,Sharp-Right-Turn,Sharp-Right-Turn
0.867,0.506,1.871,1,,Sharp-Right-Turn,Sharp-Right-Turn
0.848,0.503,1.869,1.019,,Sharp-Right-Turn,Sharp-Right-Turn
0.831,0.499,1.867,1.032,,Sharp-Right-Turn,Sharp-Right-Turn
0.816,0.496,1.866,1.05,,Sharp-Right-Turn,Sharp-Right-Turn
0.802,0.493,1.865,1.063,,Sharp-Right-Turn,Sharp-Right-Turn
0.789,0.49,1.864,1.076,,Sharp-Right-Turn,Sharp-Right-Turn
0.783,0.488,1.794,1.083,,Sharp-Right-Turn,Sharp-Right-Turn
0.784,0.487,1.797,1.156,,Sharp-Right-Turn,Sharp-Right-Turn
0.802,0.487,1.8,1.07,,Sharp-Right-Turn,Sharp-Right-Turn
0.802,0.486,1.802,1.069,,Sharp-Right-Turn,Sharp-Right-Turn
1.528,0.486,1.801,1.068,,Slight-Right-Turn,Slight-Right-Turn
1.525,0.485,1.805,1.067,,Slight-Right-Turn,Slight-Right-Turn
1.525,0.485,1.806,1.066,,Slight-Right-Turn,Slight-Right-Turn
1.528,0.485,1.809,1.066,,Slight-Right-Turn,Slight-Right-Turn
1.525,0.485,1.806,1.066,,Slight-Right-Turn,Slight-Right-Turn
1.524,0.485,1.805,1.067,,Slight-Right-Turn,Slight-Right-Turn
1.527,0.485,1.808,1.067,,Slight-Right-Turn,Slight-Right-Turn
1.526,0.485,1.803,1.065,,Slight-Right-Turn,Slight-Right-Turn
1.523,0.485,1.8,1.069,,Slight-Right-Turn,Slight-Right-Turn
1.522,0.485,1.803,1.069,,Slight-Right-Turn,Slight-Right-Turn
1.525,0.485,1.804,1.068,,Slight-Right-Turn,Slight-Right-Turn
1.522,0.485,1.807,1.069,,Slight-Right-Turn,Slight-Right-Turn
1.522,0.484,1.803,1.069,,Slight-Right-Turn,Slight-Right-Turn
1.521,0.485,1.809,1.067,,Slight-Right-Turn,Slight-Right-Turn
1.521,0.484,1.806,1.07,,Slight-Right-Turn,Slight-Right-Turn
1.524,0.484,1.807,1.069,,Slight-Right-Turn,Slight-Right-Turn
1.527,0.484,1.806,1.069,,Slight-Right-Turn,Slight-Right-Turn
1.523,0.484,1.812,1.07,,Slight-Right-Turn,Slight-Right-Turn
1.523,0.484,1.808,1.067,,Slight-Right-Turn,Slight-Right-Turn
1.525,0.484,2.596,1.07,,Slight-Right-Turn,Slight-Right-Turn
1.522,0.484,1.811,1.068,,Slight-Right-Turn,Slight-Right-Turn
1.525,0.484,2.598,1.071,,Slight-Right-Turn,Slight-Right-Turn
1.527,0.483,2.599,1.071,,Slight-Right-Turn,Slight-Right-Turn
1.527,0.483,2.621,1.068,,Slight-Right-Turn,Slight-Right-Turn
1.523,0.483,1.81,1.072,,Slight-Right-Turn,Slight-Right-Turn
1.735,0.483,1.807,1.072,,Slight-Right-Turn,Slight-Right-Turn
1.735,0.483,1.806,1.069,,Slight-Right-Turn,Slight-Right-Turn
1.525,0.483,2.594,1.073,,Slight-Right-Turn,Slight-Right-Turn
1.734,0.483,2.019,1.073,,Slight-Right-Turn,Slight-Right-Turn
1.733,0.483,2.023,1.073,,Slight-Right-Turn,Slight-Right-Turn
1.525,0.483,2.016,1.073,,Slight-Right-Turn,Slight-Right-Turn
1.733,0.483,2.016,1.073,,Slight-Right-Turn,Slight-Right-Turn
1.732,0.483,2.019,1.07,,Slight-Right-Turn,Slight-Right-Turn
1.732,0.483,1.991,1.073,,Slight-Right-Turn,Slight-Right-Turn
1.731,0.483,1.991,1.074,,Slight-Right-Turn,Slight-Right-Turn
1.731,0.483,1.991,1.071,,Slight-Right-Turn,Slight-Right-Turn
1.731,0.482,1.991,1.072,,Slight-Right-Turn,Slight-Right-Turn
1.731,0.482,2.61,1.072,,Slight-Right-Turn,Slight-Right-Turn
1.731,0.482,1.994,1.072,,Slight-Right-Turn,Slight-Right-Turn
1.731,0.482,1.991,1.072,,Slight-Right-Turn,Slight-Right-Turn
1.729,0.483,2.054,1.076,,Slight-Right-Turn,Slight-Right-Turn
1.726,0.482,2.592,1.075,,Slight-Right-Turn,Slight-Right-Turn
1.722,0.482,2.585,1.078,,Slight-Right-Turn,Slight-Right-Turn
1.716,0.481,2.582,1.083,,Slight-Right-Turn,Slight-Right-Turn
1.707,0.48,1.975,1.089,,Slight-Right-Turn,Slight-Right-Turn
0.583,0.479,1.962,1.097,,Sharp-Right-Turn,Sharp-Right-Turn
0.584,0.478,1.949,1.106,,Sharp-Right-Turn,Sharp-Right-Turn
1.678,0.477,1.771,1.115,,Slight-Right-Turn,Slight-Right-Turn
1.668,0.477,1.877,1.124,,Slight-Right-Turn,Slight-Right-Turn
1.658,0.476,1.901,1.132,,Slight-Right-Turn,Slight-Right-Turn
1.65,0.475,1.868,1.139,,Slight-Right-Turn,Slight-Right-Turn
1.644,0.475,1.863,1.145,,Slight-Right-Turn,Slight-Right-Turn
1.637,0.475,1.859,1.151,,Slight-Right-Turn,Slight-Right-Turn
1.431,0.475,1.857,1.157,,Slight-Right-Turn,Slight-Right-Turn
1.425,0.475,1.856,1.162,,Slight-Right-Turn,Slight-Right-Turn
1.617,0.475,1.854,1.169,,Slight-Right-Turn,Slight-Right-Turn
1.417,0.476,1.849,1.177,,Slight-Right-Turn,Slight-Right-Turn
1.403,0.476,1.847,1.188,,Slight-Right-Turn,Slight-Right-Turn
1.392,0.478,1.845,1.197,,Slight-Right-Turn,Slight-Right-Turn
1.384,0.478,1.842,1.207,,Slight-Right-Turn,Slight-Right-Turn
1.376,0.479,1.84,0.577,,Slight-Right-Turn,Slight-Right-Turn
1.371,0.481,1.834,0.578,,Slight-Right-Turn,Slight-Right-Turn
1.363,0.483,1.831,0.578,,Slight-Right-Turn,Slight-Right-Turn
1.355,0.484,1.829,0.579,,Slight-Right-Turn,Move-Forward
1.532,0.486,1.826,0.579,,Slight-Right-Turn,Slight-Right-Turn
1.522,0.488,1.823,1.264,,Slight-Right-Turn,Slight-Right-Turn
1.511,0.49,1.82,1.27,,Slight-Right-Turn,Slight-Right-Turn
1.501,0.492,1.816,1.28,,Slight-Right-Turn,Move-Forward
1.491,0.494,1.813,1.289,,Slight-Right-Turn,Move-Forward
1.481,0.495,1.811,1.299,,Move-Forward,Move-Forward
1.471,0.498,1.807,1.308,,Move-Forward,Move-Forward
1.461,0.5,1.801,0.591,,Move-Forward,Slight-Right-Turn
1.45,0.502,1.798,0.592,,Move-Forward,Slight-Right-Turn
1.44,0.505,1.794,1.342,,Move-Forward,Slight-Right-Turn
1.427,0.509,1.789,1.352,,Move-Forward,Slight-Right-Turn
1.414,0.513,1.784,0.847,,Move-Forward,Slight-Right-Turn
1.398,0.517,1.778,0.861,,Move-Forward,Slight-Right-Turn
1.383,0.522,1.772,0.596,,Move-Forward,Move-Forward
1.367,0.527,1.766,0.89,,Move-Forward,Move-Forward
1.35,0.532,1.759,0.606,,Move-Forward,Move-Forward
1.332,0.538,1.753,0.608,,Move-Forward,Move-Forward
1.314,0.544,1.746,0.614,,Move-Forward,Move-Forward
1.297,0.55,1.739,0.622,,Move-Forward,Move-Forward
1.279,0.556,1.732,0.625,,Move-Forward,Move-Forward
1.262,0.562,1.725,0.634,,Move-Forward,Move-Forward
1.244,0.568,1.718,0.638,,Move-Forward,Move-Forward
1.226,0.574,1.712,0.647,,Move-Forward,Move-Forward
1.207,0.581,1.704,0.652,,Move-Forward,Move-Forward
1.189,0.588,1.697,1.065,,Move-Forward,Move-Forward
1.17,0.594,1.69,0.662,,Move-Forward,Move-Forward
1.151,0.601,1.682,0.669,,Move-Forward,Move-Forward
1.132,0.608,1.674,0.676,,Move-Forward,Move-Forward
1.112,0.615,1.667,0.682,,Move-Forward,Move-Forward
1.093,0.621,1.659,0.689,,Move-Forward,Move-Forward
1.073,0.628,1.652,0.695,,Move-Forward,Move-Forward
1.056,0.635,1.644,0.703,,Move-Forward,Move-Forward
1.037,0.642,1.636,0.706,,Move-Forward,Move-Forward
1.014,0.646,1.628,0.713,,Move-Forward,Move-Forward
0.994,0.654,1.62,0.72,,Move-Forward,Move-Forward
0.974,0.666,1.612,0.726,,Move-Forward,Move-Forward
0.956,0.67,1.604,1.311,,Move-Forward,Move-Forward
0.937,0.678,1.594,1.34,,Move-Forward,Move-Forward
0.919,0.685,1.585,1.353,,Move-Forward,Sharp-Right-Turn
0.9,0.692,1.573,1.375,,Sharp-Right-Turn,Sharp-Right-Turn
0.882,0.699,1.565,1.933,,Sharp-Right-Turn,Move-Forward
0.864,0.706,1.557,0.768,,Sharp-Right-Turn,Sharp-Right-Turn
0.846,0.714,1.548,0.772,,Sharp-Right-Turn,Sharp-Right-Turn
0.828,0.72,1.54,1.44,,Sharp-Right-Turn,Sharp-Right-Turn
0.811,0.727,1.53,0.791,,Sharp-Right-Turn,Sharp-Right-Turn
0.798,0.731,1.525,2.494,,Sharp-Right-Turn,Move-Forward
0.793,0.731,1.529,0.788,,Sharp-Right-Turn,Sharp-Right-Turn
0.794,0.729,1.532,0.79,,Sharp-Right-Turn,Sharp-Right-Turn
0.796,0.727,1.534,1.465,,Sharp-Right-Turn,Sharp-Right-Turn
0.797,0.727,1.534,0.791,,Sharp-Right-Turn,Sharp-Right-Turn
0.797,0.727,1.533,1.461,,Sharp-Right-Turn,Sharp-Right-Turn
0.796,0.727,1.534,1.461,,Sharp-Right-Turn,Sharp-Right-Turn
0.796,0.727,1.537,0.823,,Sharp-Right-Turn,Sharp-Right-Turn
0.795,0.727,1.538,0.818,,Sharp-Right-Turn,Sharp-Right-Turn
0.795,0.726,1.537,0.806,,Sharp-Right-Turn,Sharp-Right-Turn
0.798,0.726,1.538,0.8,,Sharp-Right-Turn,Sharp-Right-Turn
0.797,0.725,1.539,0.805,,Sharp-Right-Turn,Sharp-Right-Turn
0.796,0.725,1.539,0.795,,Sharp-Right-Turn,Sharp-Right-Turn
0.792,0.727,1.537,0.763,,Sharp-Right-Turn,Sharp-Right-Turn
0.791,0.739,1.537,0.76,,Sharp-Right-Turn,Sharp-Right-Turn
0.789,0.728,1.539,0.757,,Sharp-Right-Turn,Sharp-Right-Turn
0.788,0.727,1.54,0.75,,Sharp-Right-Turn,Sharp-Right-Turn
0.787,0.723,1.541,0.747,,Sharp-Right-Turn,Sharp-Right-Turn
0.786,0.722,1.543,0.744,,Sharp-Right-Turn,Sharp-Right-Turn
0.785,0.721,1.548,0.745,,Sharp-Right-Turn,Sharp-Right-Turn
0.784,0.721,1.55,0.736,,Sharp-Right-Turn,Sharp-Right-Turn
0.783,0.724,1.552,0.733,,Sharp-Right-Turn,Sharp-Right-Turn
0.783,0.727,1.554,0.729,,Sharp-Right-Turn,Sharp-Right-Turn
0.783,0.733,1.559,0.722,,Sharp-Right-Turn,Sharp-Right-Turn
0.785,1.152,1.564,0.719,,Sharp-Right-Turn,Sharp-Right-Turn
0.896,0.73,1.584,0.712,,Sharp-Right-Turn,Move-Forward
0.835,0.733,1.569,0.71,,Sharp-Right-Turn,Sharp-Right-Turn
0.784,0.736,1.571,0.708,,Sharp-Right-Turn,Sharp-Right-Turn
0.783,0.754,1.578,0.705,,Sharp-Right-Turn,Sharp-Right-Turn
0.786,0.827,1.591,0.709,,Sharp-Right-Turn,Sharp-Right-Turn
0.785,0.757,1.608,0.699,,Sharp-Right-Turn,Sharp-Right-Turn
0.792,0.785,2.908,0.697,,Sharp-Right-Turn,Sharp-Right-Turn
0.809,0.779,2.91,0.695,,Sharp-Right-Turn,Sharp-Right-Turn
0.819,0.772,1.629,0.694,,Sharp-Right-Turn,Sharp-Right-Turn
1.564,0.75,1.626,0.693,,Move-Forward,Move-Forward
1.565,0.758,1.612,0.692,,Move-Forward,Move-Forward
1.566,0.761,1.618,0.691,,Move-Forward,Move-Forward
1.566,0.758,1.62,0.691,,Move-Forward,Move-Forward
1.564,0.776,1.637,0.693,,Move-Forward,Move-Forward
1.557,0.758,1.614,0.699,,Move-Forward,Move-Forward
1.557,0.758,1.629,0.7,,Move-Forward,Move-Forward
1.556,0.757,1.628,0.701,,Move-Forward,Move-Forward
1.555,0.757,1.624,0.704,,Move-Forward,Move-Forward
1.552,0.755,1.62,0.706,,Move-Forward,Move-Forward
1.545,0.753,1.617,0.713,,Move-Forward,Move-Forward
1.535,0.746,1.605,0.722,,Move-Forward,Move-Forward
1.524,0.742,1.597,0.734,,Move-Forward,Move-Forward
1.511,0.74,1.587,0.746,,Move-Forward,Move-Forward
1.496,0.735,1.572,0.761,,Move-Forward,Move-Forward
1.48,0.729,1.559,0.777,,Move-Forward,Move-Forward
1.463,0.724,2.855,0.793,,Move-Forward,Move-Forward
1.447,0.717,2.964,0.809,,Move-Forward,Move-Forward
1.429,0.71,2.878,0.827,,Move-Forward,Move-Forward
1.411,0.704,2.977,0.845,,Move-Forward,Move-Forward
1.392,0.7,2.893,0.864,,Move-Forward,Move-Forward
1.377,0.699,2.211,0.882,,Move-Forward,Move-Forward
1.355,0.689,2.226,0.901,,Move-Forward,Move-Forward
1.336,0.684,1.431,0.92,,Move-Forward,Move-Forward
1.318,0.677,2.254,0.939,,Move-Forward,Move-Forward
1.298,0.671,2.934,0.958,,Move-Forward,Move-Forward
1.278,0.665,2.286,0.977,,Move-Forward,Move-Forward
1.261,0.656,2.963,0.997,,Move-Forward,Move-Forward
1.241,0.65,1.304,1.018,,Move-Forward,Move-Forward
1.22,0.643,1.281,1.038,,Move-Forward,Move-Forward
1.196,0.633,1.266,1.058,,Move-Forward,Move-Forward
1.178,0.626,1.242,1.079,,Move-Forward,Move-Forward
1.154,0.619,3.072,1.099,,Move-Forward,Move-Forward
1.135,0.612,3.084,1.119,,Move-Forward,Move-Forward
1.115,0.605,3.092,1.138,,Move-Forward,Move-Forward
1.096,0.599,1.165,1.157,,Move-Forward,Move-Forward
1.078,0.593,1.144,1.175,,Move-Forward,Move-Forward
1.06,0.586,1.123,1.193,,Move-Forward,Move-Forward
1.042,0.58,1.105,1.211,,Move-Forward,Move-Forward
1.024,0.573,1.09,1.229,,Move-Forward,Move-Forward
0.775,0.567,1.072,1.247,,Sharp-Right-Turn,Sharp-Right-Turn
0.763,0.561,1.05,1.266,,Sharp-Right-Turn,Sharp-Right-Turn
0.71,0.555,1.032,1.284,,Sharp-Right-Turn,Sharp-Right-Turn
0.698,0.548,1.013,1.303,,Sharp-Right-Turn,Sharp-Right-Turn
0.68,0.545,0.995,1.321,,Sharp-Right-Turn,Sharp-Right-Turn
0.667,0.539,0.982,1.338,,Sharp-Right-Turn,Sharp-Right-Turn
0.901,0.533,0.966,1.352,,Move-Forward,Sharp-Right-Turn
0.897,0.526,3.191,1.357,,Sharp-Right-Turn,Sharp-Right-Turn
0.9,0.522,3.184,1.354,,Sharp-Right-Turn,Sharp-Right-Turn
0.905,0.522,3.186,1.353,,Move-Forward,Sharp-Right-Turn
0.905,0.522,3.202,1.353,,Move-Forward,Sharp-Right-Turn
0.904,0.521,2.582,1.354,,Move-Forward,Sharp-Right-Turn
0.578,0.521,2.585,1.354,,Sharp-Right-Turn,Sharp-Right-Turn
0.901,0.521,3.191,1.355,,Move-Forward,Sharp-Right-Turn
0.901,0.52,2.582,1.357,,Move-Forward,Sharp-Right-Turn
0.576,0.519,3.189,1.363,,Sharp-Right-Turn,Sharp-Right-Turn
0.574,0.516,2.59,1.37,,Sharp-Right-Turn,Sharp-Right-Turn
0.573,0.513,2.592,1.377,,Sharp-Right-Turn,Sharp-Right-Turn
0.571,0.51,2.599,1.387,,Sharp-Right-Turn,Sharp-Right-Turn
0.862,0.507,2.603,1.396,,Sharp-Right-Turn,Sharp-Right-Turn
0.853,0.503,2.606,1.407,,Sharp-Right-Turn,Sharp-Right-Turn
0.842,0.501,2.611,1.411,,Sharp-Right-Turn,Sharp-Right-Turn
0.835,0.499,2.616,1.417,,Sharp-Right-Turn,Sharp-Right-Turn
0.833,0.497,2.62,1.42,,Sharp-Right-Turn,Sharp-Right-Turn
0.834,0.497,2.62,1.418,,Sharp-Right-Turn,Sharp-Right-Turn
0.835,0.496,2.62,1.417,,Sharp-Right-Turn,Sharp-Right-Turn
0.835,0.495,2.62,1.417,,Sharp-Right-Turn,Sharp-Right-Turn
0.836,0.495,3.22,1.416,,Sharp-Right-Turn,Sharp-Right-Turn
0.837,0.494,3.221,1.415,,Sharp-Right-Turn,Sharp-Right-Turn
0.838,0.493,0.903,1.413,,Sharp-Right-Turn,Sharp-Right-Turn
0.84,0.492,0.903,1.412,,Sharp-Right-Turn,Sharp-Right-Turn
0.841,0.49,0.91,1.411,,Sharp-Right-Turn,Sharp-Right-Turn
0.843,0.489,0.914,1.411,,Sharp-Right-Turn,Sharp-Right-Turn
0.84,0.488,2.613,1.413,,Sharp-Right-Turn,Sharp-Right-Turn
0.84,0.486,2.614,1.413,,Sharp-Right-Turn,Sharp-Right-Turn
0.587,0.484,2.614,1.412,,Sharp-Right-Turn,Sharp-Right-Turn
0.845,0.481,2.615,1.418,,Sharp-Right-Turn,Sharp-Right-Turn
0.846,0.479,2.617,1.418,,Sharp-Right-Turn,Sharp-Right-Turn
0.845,0.477,2.618,1.415,,Sharp-Right-Turn,Sharp-Right-Turn
0.845,0.474,2.618,1.416,,Sharp-Right-Turn,Sharp-Right-Turn
0.845,0.473,2.623,1.417,,Sharp-Right-Turn,Sharp-Right-Turn
0.844,0.471,1.508,1.418,,Sharp-Right-Turn,Sharp-Right-Turn
0.844,0.469,1.501,0.569,,Sharp-Right-Turn,Sharp-Right-Turn
0.84,0.468,1.495,1.427,,Sharp-Right-Turn,Sharp-Right-Turn
0.836,0.464,1.481,0.826,,Sharp-Right-Turn,Sharp-Right-Turn
0.838,0.461,1.476,0.822,,Sharp-Right-Turn,Sharp-Right-Turn
0.84,0.459,1.47,0.821,,Sharp-Right-Turn,Sharp-Right-Turn
0.839,0.456,1.471,0.82,,Sharp-Right-Turn,Sharp-Right-Turn
0.839,0.454,2.638,0.517,,Sharp-Right-Turn,Sharp-Right-Turn
0.839,0.451,2.644,0.508,,Sharp-Right-Turn,Sharp-Right-Turn
0.839,0.449,2.644,0.495,,Sharp-Right-Turn,Sharp-Right-Turn
0.842,0.448,2.648,0.504,,Sharp-Right-Turn,Sharp-Right-Turn
0.833,0.446,1.491,0.488,,Sharp-Right-Turn,Sharp-Right-Turn
0.84,0.451,1.485,0.484,,Sharp-Right-Turn,Sharp-Right-Turn
0.827,0.446,1.451,0.482,,Sharp-Right-Turn,Sharp-Right-Turn
0.833,0.445,1.448,0.478,,Sharp-Right-Turn,Sharp-Right-Turn
0.832,0.443,1.445,0.467,,Sharp-Right-Turn,Sharp-Right-Turn
0.831,0.443,1.445,0.46,,Sharp-Right-Turn,Sharp-Right-Turn
0.83,0.442,1.467,0.481,,Sharp-Right-Turn,Sharp-Right-Turn
0.829,0.445,1.466,0.47,,Sharp-Right-Turn,Sharp-Right-Turn
0.828,0.458,1.452,0.454,,Sharp-Right-Turn,Sharp-Right-Turn
0.828,0.483,1.446,0.444,,Sharp-Right-Turn,Sharp-Right-Turn
0.83,0.523,1.442,0.438,,Sharp-Right-Turn,Sharp-Right-Turn
0.867,0.452,1.439,0.435,,Sharp-Right-Turn,Sharp-Right-Turn
0.844,0.453,1.439,0.432,,Sharp-Right-Turn,Sharp-Right-Turn
0.832,0.474,1.439,0.429,,Sharp-Right-Turn,Sharp-Right-Turn
0.829,0.521,1.44,0.428,,Sharp-Right-Turn,Sharp-Right-Turn
0.828,0.85,1.453,0.426,,Sharp-Right-Turn,Sharp-Right-Turn
0.831,0.473,1.448,0.425,,Sharp-Right-Turn,Sharp-Right-Turn
0.834,0.465,1.445,0.419,,Sharp-Right-Turn,Sharp-Right-Turn
0.85,0.463,1.441,0.417,,Sharp-Right-Turn,Sharp-Right-Turn
3.3,0.468,1.442,0.415,,Slight-Right-Turn,Slight-Right-Turn
3.301,0.47,1.443,0.413,,Slight-Right-Turn,Slight-Right-Turn
3.302,0.479,1.445,0.412,,Slight-Right-Turn,Slight-Right-Turn
3.3,0.812,1.448,0.411,,Move-Forward,Move-Forward
3.3,0.808,1.448,0.411,,Move-Forward,Move-Forward
3.299,0.808,1.448,0.412,,Move-Forward,Move-Forward
3.298,0.811,1.448,0.414,,Move-Forward,Move-Forward
3.294,0.806,1.448,0.417,,Move-Forward,Move-Forward
3.287,0.803,1.451,0.423,,Move-Forward,Move-Forward
3.281,0.8,1.455,0.433,,Move-Forward,Move-Forward
3.272,0.795,1.46,0.444,,Move-Forward,Move-Forward
3.256,0.79,1.466,0.457,,Move-Forward,Move-Forward
3.238,0.784,1.472,0.471,,Move-Forward,Move-Forward
0.979,0.776,1.48,0.486,,Move-Forward,Move-Forward
3.21,0.572,1.487,0.503,,Move-Forward,Move-Forward
3.196,0.586,1.494,0.52,,Move-Forward,Move-Forward
3.174,0.754,1.502,0.537,,Move-Forward,Move-Forward
3.153,0.749,1.51,0.556,,Move-Forward,Move-Forward
3.137,0.738,1.518,0.575,,Move-Forward,Move-Forward
3.118,0.73,1.526,0.594,,Move-Forward,Move-Forward
3.099,0.722,1.535,0.613,,Move-Forward,Move-Forward
3.077,0.714,1.543,0.632,,Move-Forward,Move-Forward
3.061,0.707,1.55,0.651,,Move-Forward,Move-Forward
3.041,0.702,1.558,0.671,,Move-Forward,Move-Forward
3.022,0.692,1.566,0.69,,Move-Forward,Move-Forward
3.002,0.688,1.574,0.709,,Move-Forward,Move-Forward
2.983,0.68,1.582,0.728,,Move-Forward,Move-Forward
0.859,0.674,1.589,0.747,,Sharp-Right-Turn,Sharp-Right-Turn
0.84,0.667,1.596,0.765,,Sharp-Right-Turn,Sharp-Right-Turn
0.822,0.663,1.604,0.783,,Sharp-Right-Turn,Sharp-Right-Turn
2.909,0.667,1.611,0.801,,Move-Forward,Move-Forward
2.892,0.652,1.619,0.819,,Move-Forward,Move-Forward
2.876,0.643,1.626,0.835,,Move-Forward,Move-Forward
2.861,0.638,1.632,0.85,,Move-Forward,Move-Forward
2.846,0.634,1.637,0.864,,Move-Forward,Move-Forward
2.833,0.627,1.642,0.878,,Move-Forward,Move-Forward
2.82,0.623,1.647,0.891,,Move-Forward,Move-Forward
2.808,0.62,1.652,0.903,,Move-Forward,Move-Forward
2.796,0.618,1.656,0.915,,Move-Forward,Move-Forward
2.783,0.615,1.662,0.928,,Move-Forward,Move-Forward
2.769,0.614,1.667,0.942,,Move-Forward,Move-Forward
2.754,0.609,1.672,0.957,,Move-Forward,Move-Forward
2.738,0.599,1.682,0.973,,Move-Forward,Move-Forward
2.722,0.597,1.688,0.99,,Move-Forward,Move-Forward
2.704,0.588,1.695,1.008,,Move-Forward,Move-Forward
2.686,0.583,1.701,1.026,,Move-Forward,Move-Forward
2.668,0.578,1.704,1.044,,Move-Forward,Move-Forward
2.65,0.573,1.709,1.062,,Move-Forward,Move-Forward
2.631,0.568,1.715,1.08,,Move-Forward,Move-Forward
2.612,0.563,1.723,1.102,,Move-Forward,Move-Forward
2.593,0.558,1.727,1.122,,Move-Forward,Move-Forward
2.573,0.553,1.732,1.142,,Move-Forward,Move-Forward
2.553,0.548,1.738,1.162,,Move-Forward,Move-Forward
2.533,0.543,1.744,1.178,,Move-Forward,Move-Forward
2.513,0.539,1.749,1.198,,Move-Forward,Move-Forward
2.493,0.534,1.755,1.218,,Move-Forward,Move-Forward
2.473,0.53,1.76,1.238,,Move-Forward,Move-Forward
2.453,0.525,1.765,1.257,,Move-Forward,Move-Forward
2.433,0.52,1.771,1.277,,Move-Forward,Move-Forward
2.411,0.516,1.776,1.296,,Move-Forward,Move-Forward
2.394,0.512,1.781,1.316,,Move-Forward,Move-Forward
2.371,0.508,1.787,1.338,,Move-Forward,Move-Forward
2.351,0.504,1.792,1.354,,Move-Forward,Move-Forward
2.332,0.501,1.797,1.374,,Move-Forward,Move-Forward
2.312,0.499,1.802,1.393,,Move-Forward,Move-Forward
2.292,0.5,1.807,1.413,,Move-Forward,Move-Forward
2.272,0.516,1.812,1.433,,Move-Forward,Move-Forward
2.253,0.51,1.817,1.452,,Move-Forward,Slight-Right-Turn
2.233,0.503,1.822,1.472,,Move-Forward,Slight-Right-Turn
2.212,0.502,1.827,1.492,,Move-Forward,Slight-Right-Turn
2.192,0.502,1.832,1.512,,Move-Forward,Slight-Right-Turn
2.172,0.504,1.837,1.532,,Move-Forward,Move-Forward
2.152,0.506,1.841,1.554,,Move-Forward,Move-Forward
2.132,0.602,1.846,1.575,,Move-Forward,Move-Forward
2.112,0.513,1.85,1.594,,Move-Forward,Move-Forward
2.093,0.591,1.855,1.614,,Move-Forward,Move-Forward
2.074,0.57,1.859,1.634,,Move-Forward,Move-Forward
1.972,0.566,1.884,1.733,,Move-Forward,Move-Forward
1.952,0.573,1.889,1.75,,Move-Forward,Move-Forward
1.874,1.496,1.907,1.828,,Slight Left,Slight Left
1.855,1.492,1.912,1.846,,Slight Left,Slight Left
1.836,1.488,1.916,1.865,,Slight Left,Slight Left
1.817,1.485,1.921,1.884,,Slight Left,Slight Left
1.797,1.481,1.86,1.904,,Slight Left,Slight Left
1.779,1.481,1.93,1.923,,Slight Left,Slight Left
1.76,1.474,1.934,1.941,,Slight Left,Slight Left
1.742,1.473,1.938,1.959,,Slight Left,Slight Left
1.724,1.466,1.942,1.978,,Slight Left,Slight Left
1.706,1.466,1.947,1.996,,Slight Left,Slight Left
1.688,1.462,1.951,2.013,,Slight Left,Slight Left
1.671,1.459,1.748,2.03,,Slight Left,Slight Left
1.659,1.456,1.961,2.046,,Slight Left,Slight Left
1.641,1.457,1.71,2.06,,Slight Left,Slight Left
1.626,1.477,1.69,2.074,,Slight Left,Slight Left
1.612,1.485,1.649,2.088,,Slight Left,Slight Left
1.598,1.449,1.63,2.101,,Slight Left,Slight Left
1.584,1.446,1.614,2.114,,Slight Left,Slight Left
1.57,1.444,1.621,2.128,,Slight Left,Slight Left
1.557,1.442,1.605,2.141,,Slight Left,Slight Left
1.545,1.439,1.591,2.154,,Slight Left,Slight Left
1.47,1.444,1.557,2.168,,Slight Left,Slight Left
1.44,2.738,1.539,2.183,,Slight Left,Slight Left
1.431,0.821,1.525,2.118,,Move-Forward,Move-Forward
1.424,0.828,1.507,2.208,,Move-Forward,Move-Forward
1.433,0.833,1.493,2.097,,Move-Forward,Move-Forward
1.436,0.84,1.498,2.129,,Move-Forward,Move-Forward
1.411,0.853,1.474,2.249,,Move-Forward,Move-Forward
1.395,0.988,1.459,2.111,,Slight Left,Slight Left
1.389,2.278,1.446,2.11,,Slight Left,Slight Left
1.382,2.283,1.431,2.295,,Slight Left,Slight Left
1.37,1.432,1.419,2.121,,Slight Left,Slight Left
1.357,1.746,1.407,2.384,,Slight Left,Slight Left
1.346,1.748,1.394,2.708,,Slight Left,Slight Left
1.335,1.754,1.382,2.347,,Slight Left,Slight Left
1.327,1.762,1.37,2.402,,Slight Left,Slight Left
1.318,1.774,1.359,3.241,,Slight Left,Slight Left
1.306,2.35,1.352,3.259,,Slight Left,Slight Left
1.292,2.359,1.342,2.47,,Slight Left,Slight Left
1.279,1.001,1.328,3.285,,Slight Left,Move-Forward
1.267,2.373,1.319,2.192,,Slight Left,Slight Left
1.251,2.38,1.31,2.203,,Slight Left,Slight Left
1.238,2.387,1.303,2.218,,Slight Left,Slight Left
1.229,2.394,1.296,2.252,,Slight Left,Slight Left
1.216,2.401,1.289,2.26,,Slight Left,Slight Left
1.204,2.408,1.287,2.248,,Slight Left,Slight Left
1.191,2.415,1.281,2.253,,Slight Left,Slight Left
1.177,2.424,1.277,2.265,,Slight Left,Slight Left
1.163,2.429,1.274,2.277,,Slight Left,Slight Left
1.149,1.6,1.265,2.292,,Slight Left,Slight Left
1.132,1.601,1.261,2.299,,Slight Left,Slight Left
1.119,0.943,1.254,2.314,,Slight Left,Move-Forward
1.105,0.94,1.25,2.331,,Slight Left,Move-Forward
1.091,0.938,1.246,2.347,,Slight Left,Move-Forward
1.08,0.938,1.244,2.358,,Slight Left,Slight Left
1.067,0.938,1.241,2.284,,Slight Left,Move-Forward
1.053,0.939,1.239,2.297,,Slight Left,Slight Left
1.038,0.933,1.238,2.394,,Slight Left,Move-Forward
1.019,0.933,1.089,2.408,,Slight Left,Slight Left
1.005,0.933,1.233,2.326,,Slight Left,Slight Left
0.991,0.933,1.232,2.405,,Slight Left,Move-Forward
0.975,0.933,1.231,2.447,,Slight Left,Move-Forward
0.961,0.935,1.23,2.461,,Slight Left,Slight Left
0.946,0.935,1.23,2.477,,Slight Left,Slight Left
0.935,0.937,1.231,2.386,,Slight Left,Move-Forward
0.922,0.939,1.236,2.509,,Slight Left,Slight Left
0.908,2.468,1.238,2.52,,Slight Left,Slight Left
0.894,2.47,0.957,2.534,,Sharp-Right-Turn,Sharp-Right-Turn
0.876,2.483,1.24,2.547,,Sharp-Right-Turn,Slight Left
0.862,3.642,1.239,2.52,,Sharp-Right-Turn,Sharp-Right-Turn
0.848,3.646,1.242,2.574,,Sharp-Right-Turn,Sharp-Right-Turn
0.835,3.652,1.246,2.587,,Sharp-Right-Turn,Sharp-Right-Turn
0.823,3.658,0.938,2.599,,Sharp-Right-Turn,Sharp-Right-Turn
0.815,0.885,1.254,2.607,,Sharp-Right-Turn,Sharp-Right-Turn
0.815,3.663,1.256,2.531,,Sharp-Right-Turn,Sharp-Right-Turn
0.818,3.661,0.881,2.53,,Sharp-Right-Turn,Sharp-Right-Turn
0.82,4.409,0.887,2.528,,Sharp-Right-Turn,Sharp-Right-Turn
0.822,4.409,0.888,2.533,,Sharp-Right-Turn,Sharp-Right-Turn
0.822,4.409,0.888,2.557,,Sharp-Right-Turn,Sharp-Right-Turn
0.821,4.408,1.256,2.601,,Sharp-Right-Turn,Sharp-Right-Turn
0.821,3.672,1.26,2.575,,Sharp-Right-Turn,Sharp-Right-Turn
0.822,0.914,1.261,2.601,,Sharp-Right-Turn,Sharp-Right-Turn
0.826,0.906,0.89,2.602,,Sharp-Right-Turn,Sharp-Right-Turn
0.827,0.908,0.895,2.601,,Sharp-Right-Turn,Sharp-Right-Turn
0.827,0.862,1.265,2.601,,Sharp-Right-Turn,Sharp-Right-Turn
0.828,0.856,1.266,2.6,,Sharp-Right-Turn,Sharp-Right-Turn
0.827,0.854,1.188,2.599,,Sharp-Right-Turn,Sharp-Right-Turn
0.824,0.849,1.185,2.599,,Sharp-Right-Turn,Sharp-Right-Turn
0.823,0.847,1.19,2.6,,Sharp-Right-Turn,Sharp-Right-Turn
0.822,0.845,1.27,2.565,,Sharp-Right-Turn,Sharp-Right-Turn
0.822,0.843,1.272,2.601,,Sharp-Right-Turn,Sharp-Right-Turn
0.822,0.842,1.275,2.605,,Sharp-Right-Turn,Sharp-Right-Turn
0.823,0.84,1.278,2.606,,Sharp-Right-Turn,Sharp-Right-Turn
0.823,0.844,1.28,2.604,,Sharp-Right-Turn,Sharp-Right-Turn
0.824,0.838,1.282,2.503,,Sharp-Right-Turn,Sharp-Right-Turn
0.826,0.831,1.283,2.615,,Sharp-Right-Turn,Sharp-Right-Turn
0.822,0.83,1.285,5,,Sharp-Right-Turn,Sharp-Right-Turn
0.821,0.827,1.287,5,,Sharp-Right-Turn,Sharp-Right-Turn
0.821,0.825,1.289,2.613,,Sharp-Right-Turn,Sharp-Right-Turn
0.82,0.823,1.291,2.615,,Sharp-Right-Turn,Sharp-Right-Turn
0.82,0.822,1.297,2.616,,Sharp-Right-Turn,Sharp-Right-Turn
0.82,0.824,1.299,2.621,,Sharp-Right-Turn,Sharp-Right-Turn
0.823,0.865,1.302,3.634,,Sharp-Right-Turn,Sharp-Right-Turn
0.822,0.82,1.3,3.629,,Sharp-Right-Turn,Sharp-Right-Turn
0.821,0.815,1.302,3.628,,Sharp-Right-Turn,Sharp-Right-Turn
0.816,0.81,1.303,3.627,,Sharp-Right-Turn,Sharp-Right-Turn
0.815,0.808,1.305,3.623,,Sharp-Right-Turn,Sharp-Right-Turn
0.814,0.806,1.307,3.625,,Sharp-Right-Turn,Sharp-Right-Turn
0.813,0.804,1.31,3.625,,Sharp-Right-Turn,Sharp-Right-Turn
0.813,0.809,1.312,3.628,,Sharp-Right-Turn,Sharp-Right-Turn
0.816,0.919,1.319,3.624,,Sharp-Right-Turn,Sharp-Right-Turn
0.816,0.916,1.322,3.628,,Sharp-Right-Turn,Sharp-Right-Turn
0.817,0.813,1.321,3.62,,Sharp-Right-Turn,Sharp-Right-Turn
0.81,0.805,1.323,3.619,,Sharp-Right-Turn,Sharp-Right-Turn
0.809,0.801,1.324,3.619,,Sharp-Right-Turn,Sharp-Right-Turn
0.807,0.8,1.326,3.623,,Sharp-Right-Turn,Sharp-Right-Turn
0.806,0.823,1.329,3.636,,Sharp-Right-Turn,Sharp-Right-Turn
0.806,0.863,1.331,3.623,,Sharp-Right-Turn,Sharp-Right-Turn
0.805,0.859,1.334,3.629,,Sharp-Right-Turn,Sharp-Right-Turn
0.808,0.887,1.336,3.687,,Sharp-Right-Turn,Sharp-Right-Turn
0.808,0.896,1.342,3.69,,Sharp-Right-Turn,Sharp-Right-Turn
0.807,0.868,1.367,5,,Sharp-Right-Turn,Sharp-Right-Turn
0.826,0.841,1.365,0.79,,Sharp-Right-Turn,Sharp-Right-Turn
0.825,0.834,1.354,0.787,,Sharp-Right-Turn,Sharp-Right-Turn
0.841,0.826,1.354,0.785,,Sharp-Right-Turn,Sharp-Right-Turn
0.805,0.823,1.357,0.783,,Sharp-Right-Turn,Sharp-Right-Turn
0.808,0.829,1.363,0.764,,Sharp-Right-Turn,Sharp-Right-Turn
0.808,0.825,1.368,0.736,,Sharp-Right-Turn,Sharp-Right-Turn
0.814,0.805,1.493,0.719,,Sharp-Right-Turn,Sharp-Right-Turn
0.871,0.798,1.891,0.703,,Sharp-Right-Turn,Sharp-Right-Turn
0.889,0.794,1.893,0.7,,Sharp-Right-Turn,Sharp-Right-Turn
0.932,0.792,1.604,0.707,,Move-Forward,Move-Forward
0.934,0.792,1.411,0.717,,Move-Forward,Move-Forward
0.926,0.789,1.389,0.716,,Move-Forward,Move-Forward
1.213,0.783,1.392,0.708,,Move-Forward,Move-Forward
1.352,0.782,1.391,0.706,,Move-Forward,Move-Forward
1.349,0.782,1.384,0.712,,Move-Forward,Move-Forward
1.343,0.781,1.378,0.722,,Move-Forward,Move-Forward
1.335,0.781,1.369,0.727,,Move-Forward,Move-Forward
0.91,0.776,1.359,0.748,,Move-Forward,Sharp-Right-Turn
0.897,0.768,1.35,0.754,,Sharp-Right-Turn,Sharp-Right-Turn
1.297,0.766,1.36,0.775,,Move-Forward,Move-Forward
1.282,0.759,1.317,1.624,,Move-Forward,Move-Forward
1.265,0.753,1.3,0.801,,Move-Forward,Move-Forward
1.249,0.745,1.285,0.817,,Move-Forward,Move-Forward
1.233,0.738,1.272,0.864,,Move-Forward,Move-Forward
1.217,0.732,1.278,0.851,,Move-Forward,Move-Forward
1.201,0.725,1.268,0.86,,Move-Forward,Move-Forward
1.184,0.718,1.226,0.878,,Move-Forward,Move-Forward
1.168,0.712,1.232,0.898,,Move-Forward,Move-Forward
1.151,0.706,1.215,0.919,,Move-Forward,Move-Forward
1.133,0.699,1.199,1.576,,Move-Forward,Move-Forward
1.116,0.692,1.177,0.966,,Move-Forward,Move-Forward
1.098,0.686,1.163,5,,Move-Forward,Sharp-Right-Turn
1.08,0.678,1.129,1.007,,Move-Forward,Move-Forward
1.062,0.672,1.127,1.594,,Move-Forward,Sharp-Right-Turn
1.043,0.665,1.106,5,,Move-Forward,Sharp-Right-Turn
1.024,0.657,1.087,1.562,,Move-Forward,Sharp-Right-Turn
0.894,0.649,1.071,1.085,,Sharp-Right-Turn,Sharp-Right-Turn
0.873,0.642,1.053,1.105,,Sharp-Right-Turn,Sharp-Right-Turn
0.967,0.635,1.034,1.118,,Move-Forward,Move-Forward
0.854,0.628,1.016,1.168,,Sharp-Right-Turn,Sharp-Right-Turn
